FIPS,State,Area_Name,Rural-urban_Continuum Code_2013,Urban_Influence_Code_2013,Economic_typology_2015,POP_ESTIMATE_2018,N_POP_CHG_2018,Births_2018,Deaths_2018,NATURAL_INC_2018,INTERNATIONAL_MIG_2018,DOMESTIC_MIG_2018,NET_MIG_2018,RESIDUAL_2018,GQ_ESTIMATES_2018,R_birth_2018,R_death_2018,R_NATURAL_INC_2018,R_INTERNATIONAL_MIG_2018,R_DOMESTIC_MIG_2018,R_NET_MIG_2018,Less than a high school diploma 2014-18,High school diploma only 2014-18,Some college or associate's degree 2014-18,Bachelor's degree or higher 2014-18,Percent of adults with less than a high school diploma 2014-18,Percent of adults with a high school diploma only 2014-18,Percent of adults completing some college or associate's degree 2014-18,Percent of adults with a bachelor's degree or higher 2014-18,POVALL_2018,CI90LBAll_2018,CI90UBALL_2018,PCTPOVALL_2018,CI90LBALLP_2018,CI90UBALLP_2018,POV017_2018,CI90LB017_2018,CI90UB017_2018,PCTPOV017_2018,CI90LB017P_2018,CI90UB017P_2018,POV517_2018,CI90LB517_2018,CI90UB517_2018,PCTPOV517_2018,CI90LB517P_2018,CI90UB517P_2018,MEDHHINC_2018,CI90LBINC_2018,CI90UBINC_2018,Civilian_labor_force_2018,Employed_2018,Unemployed_2018,Unemployment_rate_2018,Median_Household_Income_2018,Med_HH_Income_Percent_of_State_Total_2018,Jan Precipitation / inch,Feb Precipitation / inch,Mar Precipitation / inch,Apr Precipitation / inch,May Precipitation / inch,Jun Precipitation / inch,Jul Precipitation / inch,Aug Precipitation / inch,Sep Precipitation / inch,Oct Precipitation / inch,Nov Precipitation / inch,Dec Precipitation / inch,Jan Temp AVG / F,Feb Temp AVG / F,Mar Temp AVG / F,Apr Temp AVG / F,May Temp AVG / F,Jun Temp AVG / F,Jul Temp AVG / F,Aug Temp AVG / F,Sep Temp AVG / F,Oct Temp AVG / F,Nov Temp AVG / F,Dec Temp AVG / F,Jan Temp Min / F,Feb Temp Min / F,Mar Temp Min / F,Apr Temp Min / F,May Temp Min / F,Jun Temp Min / F,Jul Temp Min / F,Aug Temp Min / F,Sep Temp Min / F,Oct Temp Min / F,Nov Temp Min / F,Dec Temp Min / F,Jan Temp Max / F,Feb Temp Max / F,Mar Temp Max / F,Apr Temp Max / F,May Temp Max / F,Jun Temp Max / F,Jul Temp Max / F,Aug Temp Max / F,Sep Temp Max / F,Oct Temp Max / F,Nov Temp Max / F,Dec Temp Max / F,Housing units,Area in square miles - Total area,Area in square miles - Water area,Area in square miles - Land area,Density per square mile of land area - Population,Density per square mile of land area - Housing units,Total_Male,Total_Female,Total_age0to17,Male_age0to17,Female_age0to17,Total_age18to64,Male_age18to64,Female_age18to64,Total_age65plus,Male_age65plus,Female_age65plus,Total_age85plusr,Male_age85plusr,Female_age85plusr,Total households,Total households!!Family households (families),Total households!!Family households (families)!!With own children of the householder under 18 years,Total households!!Family households (families)!!Married-couple family,Total households!!Family households (families)!!Married-couple family!!With own children of the householder under 18 years,Total households!!Family households (families)!!Male householder no wife present family,HOUSEHOLDS BY TYPE!!,Total households!!Family households (families)!!Female householder no husband present family,Total households!!Family households (families)!!Female householder no husband present family!!With own children of the householder under 18 years,Total households!!Nonfamily households,Total households!!Nonfamily households!!Householder living alone,Total households!!Nonfamily households!!Householder living alone!!65 years and over,Total households!!Households with one or more people under 18 years,Total households!!Households with one or more people 65 years and over,Total households!!Average household size,Total households!!Average family size,RELATIONSHIP!!Population in households,RELATIONSHIP!!Population in households!!Householder,RELATIONSHIP!!Population in households!!Spouse,RELATIONSHIP!!Population in households!!Child,RELATIONSHIP!!Population in households!!Other relatives,RELATIONSHIP!!Population in households!!Nonrelatives,RELATIONSHIP!!Population in households!!Nonrelatives!!Unmarried partner,MARITAL STATUS!!Males 15 years and over,MARITAL STATUS!!Males 15 years and over!!Never married,MARITAL STATUS!!Males 15 years and over!!Now married except separated,MARITAL STATUS!!Males 15 years and over!!Separated,MARITAL STATUS!!Males 15 years and over!!Widowed,MARITAL STATUS!!Males 15 years and over!!Divorced,MARITAL STATUS!!Females 15 years and over,MARITAL STATUS!!Females 15 years and over!!Never married,MARITAL STATUS!!Females 15 years and over!!Now married except separated,MARITAL STATUS!!Females 15 years and over!!Separated,MARITAL STATUS!!Females 15 years and over!!Widowed,MARITAL STATUS!!Females 15 years and over!!Divorced,SCHOOL ENROLLMENT!!Population 3 years and over enrolled in school,SCHOOL ENROLLMENT!!Population 3 years and over enrolled in school!!Nursery school preschool,SCHOOL ENROLLMENT!!Population 3 years and over enrolled in school!!Kindergarten,SCHOOL ENROLLMENT!!Population 3 years and over enrolled in school!!Elementary school (grades 1-8),SCHOOL ENROLLMENT!!Population 3 years and over enrolled in school!!High school (grades 9-12),SCHOOL ENROLLMENT!!Population 3 years and over enrolled in school!!College or graduate school,VETERAN STATUS!!Civilian population 18 years and over,VETERAN STATUS!!Civilian population 18 years and over!!Civilian veterans,DISABILITY STATUS OF THE CIVILIAN NONINSTITUTIONALIZED POPULATION!!Total Civilian Noninstitutionalized Population,DISABILITY STATUS OF THE CIVILIAN NONINSTITUTIONALIZED POPULATION!!Total Civilian Noninstitutionalized Population!!With a disability,DISABILITY STATUS OF THE CIVILIAN NONINSTITUTIONALIZED POPULATION!!Under 18 years,DISABILITY STATUS OF THE CIVILIAN NONINSTITUTIONALIZED POPULATION!!Under 18 years!!With a disability,DISABILITY STATUS OF THE CIVILIAN NONINSTITUTIONALIZED POPULATION!!18 to 64 years,DISABILITY STATUS OF THE CIVILIAN NONINSTITUTIONALIZED POPULATION!!18 to 64 years!!With a disability,DISABILITY STATUS OF THE CIVILIAN NONINSTITUTIONALIZED POPULATION!!65 years and over,DISABILITY STATUS OF THE CIVILIAN NONINSTITUTIONALIZED POPULATION!!65 years and over!!With a disability,TOT_MALE,TOT_FEMALE,WA_MALE,WA_FEMALE,BA_MALE,BA_FEMALE,IA_MALE,IA_FEMALE,AA_MALE,AA_FEMALE,NA_MALE,NA_FEMALE,TOM_MALE,TOM_FEMALE,WAC_MALE,WAC_FEMALE,BAC_MALE,BAC_FEMALE,IAC_MALE,IAC_FEMALE,AAC_MALE,AAC_FEMALE,NAC_MALE,NAC_FEMALE,NH_MALE,NH_FEMALE,NHWA_MALE,NHWA_FEMALE,NHBA_MALE,NHBA_FEMALE,NHIA_MALE,NHIA_FEMALE,NHAA_MALE,NHAA_FEMALE,NHNA_MALE,NHNA_FEMALE,NHTOM_MALE,NHTOM_FEMALE,NHWAC_MALE,NHWAC_FEMALE,NHBAC_MALE,NHBAC_FEMALE,NHIAC_MALE,NHIAC_FEMALE,NHAAC_MALE,NHAAC_FEMALE,NHNAC_MALE,NHNAC_FEMALE,H_MALE,H_FEMALE,HWA_MALE,HWA_FEMALE,HBA_MALE,HBA_FEMALE,HIA_MALE,HIA_FEMALE,HAA_MALE,HAA_FEMALE,HNA_MALE,HNA_FEMALE,HTOM_MALE,HTOM_FEMALE,HWAC_MALE,HWAC_FEMALE,HBAC_MALE,HBAC_FEMALE,HIAC_MALE,HIAC_FEMALE,HAAC_MALE,HAAC_FEMALE,HNAC_MALE,HNAC_FEMALE,Active Physicians per 100000 Population 2018 (AAMC),Total Active Patient Care Physicians per 100000 Population 2018 (AAMC),Active Primary Care Physicians per 100000 Population 2018 (AAMC),Active Patient Care Primary Care Physicians per 100000 Population 2018 (AAMC),Active General Surgeons per 100000 Population 2018 (AAMC),Active Patient Care General Surgeons per 100000 Population 2018 (AAMC),Fraction of Active Physicians Who Are Female 2018 (AAMC),Fraction of Active Physicians Who Are International Medical Graduates (IMGs) 2018 (AAMC),Fraction of Active Physicians Who Are Age 60 or Older 2018 (AAMC),MD and DO Student Enrollment per 100000 Population AY 2018-2019 (AAMC),Student Enrollment at Public MD and DO Schools per 100000 Population AY 2018-2019 (AAMC),Fraction Change in Student Enrollment at MD and DO Schools 2008-2018 (AAMC),Fraction of MD Students Matriculating In-State AY 2018-2019 (AAMC),Total Residents/Fellows in ACGME Programs per 100000 Population as of December 31 2018 (AAMC),Total Residents/Fellows in Primary Care ACGME Programs per 100000 Population as of Dec. 31 2018 (AAMC),Fraction of Residents in ACGME Programs Who Are IMGs as of December 31 2018 (AAMC),Ratio of Residents and Fellows (GME) to Medical Students (UME) AY 2017-2018 (AAMC),Percent Change in Residents and Fellows in ACGME-Accredited Programs 2008-2018 (AAMC),Fraction of Physicians Retained in State from Undergraduate Medical Education (UME) 2018 (AAMC),All Specialties (AAMC),Allergy & Immunology (AAMC),Anatomic/Clinical Pathology (AAMC),Anesthesiology (AAMC),Cardiovascular Disease (AAMC),Child & Adolescent Psychiatry** (AAMC),Critical Care Medicine (AAMC),Dermatology (AAMC),Emergency Medicine (AAMC),Endocrinology Diabetes & Metabolism (AAMC),Family Medicine/General Practice (AAMC),Gastroenterology (AAMC),General Surgery (AAMC),Geriatric Medicine*** (AAMC),Hematology & Oncology (AAMC),Infectious Disease (AAMC),Internal Medicine (AAMC),Internal Medicine/Pediatrics (AAMC),Interventional Cardiology (AAMC),Neonatal-Perinatal Medicine (AAMC),Nephrology (AAMC),Neurological Surgery (AAMC),Neurology (AAMC),Neuroradiology (AAMC),Obstetrics & Gynecology (AAMC),Ophthalmology (AAMC),Orthopedic Surgery (AAMC),Otolaryngology (AAMC),Pain Medicine & Pain Management (AAMC),Pediatrics** (AAMC),Physical Medicine & Rehabilitation (AAMC),Plastic Surgery (AAMC),Preventive Medicine (AAMC),Psychiatry (AAMC),Pulmonary Disease (AAMC),Radiation Oncology (AAMC),Radiology & Diagnostic Radiology (AAMC),Rheumatology (AAMC),Sports Medicine (AAMC),Thoracic Surgery (AAMC),Urology (AAMC),Vascular & Interventional Radiology (AAMC),Vascular Surgery (AAMC),Total nurse practitioners (2019),Total physician assistants (2019),Total Hospitals (2019),Internal Medicine Primary Care (2019),Family Medicine/General Practice Primary Care (2019),Pediatrics Primary Care (2019),Obstetrics & Gynecology Primary Care (2019),Geriatrics Primary Care (2019),Total Primary Care Physicians (2019),Psychiatry specialists (2019),Surgery specialists (2019),Anesthesiology specialists (2019),Emergency Medicine specialists (2019),Radiology specialists (2019),Cardiology specialists (2019),Oncology (Cancer) specialists (2019),Endocrinology Diabetes and Metabolism specialists (2019),All Other Specialties specialists (2019),Total Specialist Physicians (2019),ICU Beds,transit_scores - population weighted averages aggregated from town/city level to county,crime_rate_per_100000,COUNTY POPULATION-AGENCIES REPORT ARRESTS,COUNTY POPULATION-AGENCIES REPORT CRIMES,NUMBER OF AGENCIES IN COUNTY REPORT ARRESTS,NUMBER OF AGENCIES IN COUNTY REPORT CRIMES,COVERAGE INDICATOR,Total number of UCR (Uniform Crime Report) Index crimes excluding arson.,Total number of UCR (Uniform Crime Report) index crimes reported including arson,MURDER,RAPE,ROBBERY,Number of AGGRAVATED ASSAULTS,BURGLRY,LARCENY,MOTOR VEHICLE THEFTS,ARSON
00000,US,United States,NA,NA,NA,327167434,2020313,3855500,2814013,1041487,978826,0,978826,0,8091609,NA,NA,NA,NA,NA,NA,26948057,59265308,63365655,68867051,12.3,27.1,29.0,31.5,41852315,41619366,42085264,13.1,13.0,13.2,12997532,12873127,13121937,18.0,17.8,18.2,8930152,8834521,9025783,17.0,16.8,17.2,61937,61843,62031,161640488,155344043,6296445,3.9,61937 ,NA,NA,NA,NA,NA,NA,NA,NA,NA,NA,NA,NA,NA,NA,NA,NA,NA,NA,NA,NA,NA,NA,NA,NA,NA,NA,NA,NA,NA,NA,NA,NA,NA,NA,NA,NA,NA,NA,NA,NA,NA,NA,NA,NA,NA,NA,NA,NA,NA,131704730,3796742.23,264836.79,3531905.43,87.4,37.3,161128679,166038755,73399342,37490849,35908493,201336899,100331012,101005887,52431193,23306818,29124375,6544503,2325693,4218810,102643122,66732004,28075249,48684480,19128123,5089136,2282206,12958388,6664920,35911118,28694271,10962136,31473908,30084341,0,0,271946728,102643122,48657420,82163499,20939139,17543548,6657118,110094663,41755401,53833911,1726618,2740402,10038331,116266269,36995577,53056212,2538426,9665158,14010896,69922486,4300436,3397087,27916769,14550764,19757430,214820799,14726230,274660819,32669277,62477387,2543061,170117259,16233351,42066173,13892865,161021917,165927995,123903806,126035474,20983172,22815923,2086789,2055614,9217613,10110071,404985,394057,4425552,4516856,127842935,130034025,22957572,24877753,3417117,3449540,10859310,11749936,798976,792509,130860039,136367289,97389327,100098498,19557960,21340761,1188864,1226848,8917791,9808512,294936,291269,3511161,3601401,100512871,103283120,21110347,22971098,2133575,2237717,10307597,11196044,603213,604708,30161878,29560706,26514479,25936976,1425212,1475162,897925,828766,299822,301559,110049,102788,914391,915455,27330064,26750905,1847225,1906655,1283542,1211823,551713,553892,195763,187801,NA,NA,NA,NA,NA,NA,NA,NA,NA,NA,NA,NA,NA,NA,NA,NA,NA,NA,NA,NA,NA,NA,NA,NA,NA,NA,NA,NA,NA,NA,NA,NA,NA,NA,NA,NA,NA,NA,NA,NA,NA,NA,NA,NA,NA,NA,NA,NA,NA,NA,NA,NA,NA,NA,NA,NA,NA,NA,NA,NA,NA,NA,165480,88604,5198,197506,139407,87637,53913,1393,479856,54935,53002,50121,55671,47828,32640,20473,8046,202723,525439,NA,NA,NA,NA,NA,NA,NA,NA,NA,NA,NA,NA,NA,NA,NA,NA,NA,NA
01000,AL,Alabama,NA,NA,NA,4887871,12751,57216,53425,3791,3344,5718,9062,-102,117443,11.7,10.9,0.8,0.7,1.2,1.9,470043,1020172,987148,822595,14.2,30.9,29.9,24.9,801758,785668,817848,16.8,16.5,17.1,255613,247744,263482,23.9,23.2,24.6,178175,171349,185001,22.8,21.9,23.7,49881,49123,50639,2198837,2112347,86490,3.9,49881 ,100.0,6.10,6.41,3.43,6.19,3.56,4.46,3.95,4.87,0.41,6.97,3.33,6.72,46.13,55.63,54.65,63.28,73.98,77.80,80.37,80.29,80.03,67.53,50.41,51.03,56.09,65.51,66.48,76.04,85.73,88.43,90.89,91.31,93.45,78.49,63.55,61.05,36.16,45.72,42.82,50.50,62.23,67.17,69.85,69.28,66.59,56.56,37.26,40.99,2171853,52420.07,1774.74,50645.33,94.4,42.9,NA,NA,NA,NA,NA,NA,NA,NA,NA,NA,NA,NA,NA,NA,NA,NA,NA,NA,NA,NA,NA,NA,NA,NA,NA,NA,NA,NA,NA,NA,NA,NA,NA,NA,NA,NA,NA,NA,NA,NA,NA,NA,NA,NA,NA,NA,NA,NA,NA,NA,NA,NA,NA,NA,NA,NA,NA,NA,NA,NA,NA,NA,NA,NA,NA,NA,NA,NA,NA,NA,NA,NA,NA,NA,NA,NA,NA,NA,NA,NA,NA,NA,NA,NA,NA,NA,NA,NA,NA,NA,NA,NA,NA,NA,NA,NA,NA,NA,NA,NA,NA,NA,NA,NA,NA,NA,NA,NA,NA,NA,NA,NA,NA,NA,NA,NA,NA,NA,NA,NA,NA,NA,NA,NA,NA,NA,NA,NA,NA,NA,NA,NA,NA,NA,NA,NA,NA,217.1,196.7,77.2,71.2,7.6,6.9,0.285,0.181,0.344,49.1,22.8,1.368,0.821,29.9,11.9,0.219,0.6,0.184,0.484,10614,44,142,477,292,87,124,133,401,70,1578,182,372,42,157,88,1371,66,65,56,141,70,177,44,531,212,291,171,48,708,96,74,63,318,74,72,351,79,35,64,148,30,40,2537,535,101,2285,1868,1030,671,9,5863,506,754,602,465,674,410,241,71,2619,6342,NA,NA,NA,NA,NA,NA,NA,NA,NA,NA,NA,NA,NA,NA,NA,NA,NA,NA
02000,AK,Alaska,NA,NA,NA,737438,-2348,10693,4738,5955,2401,-10752,-8351,48,26772,14.5,6.4,8.1,3.3,-14.6,-11.3,34760,133851,169471,139645,7.3,28.0,35.5,29.2,80224,76253,84195,11.1,10.5,11.7,26096,24139,28053,14.5,13.4,15.6,16827,15140,18514,13.2,11.9,14.5,74912,73075,76749,356886,333375,23511,6.6,74912 ,100.0,1.45,2.62,1.22,0.27,0.67,0.05,0.98,1.23,2.09,0.03,3.20,1.73,44.23,42.93,53.16,61.55,62.29,76.49,82.75,82.67,74.78,61.77,53.70,44.13,56.39,54.46,66.83,76.81,77.01,93.13,97.41,97.06,88.41,77.84,67.39,55.03,32.06,31.41,39.47,46.27,47.57,59.82,68.05,68.28,61.14,45.70,40.01,33.25,306967,665384.04,94743.1,570640.95,1.2,0.5,NA,NA,NA,NA,NA,NA,NA,NA,NA,NA,NA,NA,NA,NA,NA,NA,NA,NA,NA,NA,NA,NA,NA,NA,NA,NA,NA,NA,NA,NA,NA,NA,NA,NA,NA,NA,NA,NA,NA,NA,NA,NA,NA,NA,NA,NA,NA,NA,NA,NA,NA,NA,NA,NA,NA,NA,NA,NA,NA,NA,NA,NA,NA,NA,NA,NA,NA,NA,NA,NA,NA,NA,NA,NA,NA,NA,NA,NA,NA,NA,NA,NA,NA,NA,NA,NA,NA,NA,NA,NA,NA,NA,NA,NA,NA,NA,NA,NA,NA,NA,NA,NA,NA,NA,NA,NA,NA,NA,NA,NA,NA,NA,NA,NA,NA,NA,NA,NA,NA,NA,NA,NA,NA,NA,NA,NA,NA,NA,NA,NA,NA,NA,NA,NA,NA,NA,NA,276.9,256.7,112.8,105.6,9.6,8.5,0.380,0.061,0.315,NA,NA,NA,NA,5,4.7,0.027,NA,0.028,NA,2042,NA,19,97,33,27,16,19,136,NA,523,19,71,NA,22,NA,161,15,NA,12,10,13,17,NA,99,30,75,31,16,126,12,12,22,74,NA,13,56,NA,NA,NA,19,NA,NA,480,346,21,218,592,146,98,NA,1054,106,85,81,126,68,36,15,8,321,846,NA,NA,NA,NA,NA,NA,NA,NA,NA,NA,NA,NA,NA,NA,NA,NA,NA,NA
04000,AZ,Arizona,NA,NA,NA,7171646,122770,83550,58806,24744,14335,83240,97575,451,159442,11.8,8.3,3.5,2.0,11.7,13.7,613002,1112551,1570308,1338071,13.2,24.0,33.9,28.9,990291,970614,1009968,14.1,13.8,14.4,328780,317583,339977,20.4,19.7,21.1,227586,217990,237182,19.2,18.4,20.0,59079,58366,59792,3439755,3273550,166205,4.8,59079 ,100.0,6.68,11.11,5.14,1.45,3.17,0.10,0.05,0.09,0.66,0.15,1.62,6.22,46.70,41.05,48.41,57.22,57.51,69.09,72.51,74.11,67.37,58.65,52.98,45.34,55.48,49.08,58.27,68.81,68.85,83.18,86.94,88.80,81.05,73.31,65.50,52.87,37.91,33.01,38.55,45.61,46.16,54.98,58.07,59.40,53.66,43.97,40.46,37.80,2844526,113990.3,396.22,113594.08,56.3,25,NA,NA,NA,NA,NA,NA,NA,NA,NA,NA,NA,NA,NA,NA,NA,NA,NA,NA,NA,NA,NA,NA,NA,NA,NA,NA,NA,NA,NA,NA,NA,NA,NA,NA,NA,NA,NA,NA,NA,NA,NA,NA,NA,NA,NA,NA,NA,NA,NA,NA,NA,NA,NA,NA,NA,NA,NA,NA,NA,NA,NA,NA,NA,NA,NA,NA,NA,NA,NA,NA,NA,NA,NA,NA,NA,NA,NA,NA,NA,NA,NA,NA,NA,NA,NA,NA,NA,NA,NA,NA,NA,NA,NA,NA,NA,NA,NA,NA,NA,NA,NA,NA,NA,NA,NA,NA,NA,NA,NA,NA,NA,NA,NA,NA,NA,NA,NA,NA,NA,NA,NA,NA,NA,NA,NA,NA,NA,NA,NA,NA,NA,NA,NA,NA,NA,NA,NA,242,224,78.1,73.2,6.9,6.1,0.326,0.248,0.321,31.7,11.7,0.547,0.491,25.8,9.5,0.190,0.8,0.378,0.417,17356,67,229,1061,410,161,238,243,917,119,2206,288,494,106,268,142,2156,100,103,80,222,107,286,85,765,301,372,152,134,1023,159,156,117,675,130,108,566,93,46,87,198,87,69,3403,1940,83,3325,2689,1489,991,43,8537,875,979,1023,1093,876,530,264,102,3527,9269,NA,NA,NA,NA,NA,NA,NA,NA,NA,NA,NA,NA,NA,NA,NA,NA,NA,NA
05000,AR,Arkansas,NA,NA,NA,3013825,10828,37191,31093,6098,2260,2475,4735,-5,84227,12.4,10.3,2.0,0.8,0.8,1.6,276029,681223,590434,451621,13.8,34.1,29.5,22.6,492306,478253,506359,16.8,16.3,17.3,164056,157120,170992,23.8,22.8,24.8,110333,104406,116260,22.1,20.9,23.3,47094,46401,47787,1351496,1301459,50037,3.7,47094 ,100.0,1.48,1.69,3.01,1.51,2.96,1.69,1.68,1.49,0.72,1.04,1.21,1.31,25.46,24.37,33.15,44.61,46.86,59.59,67.96,67.21,62.00,40.34,34.61,27.48,38.02,36.92,45.23,58.33,59.42,74.30,83.15,82.31,77.26,55.56,48.07,39.31,12.89,11.83,21.06,30.89,34.30,44.89,52.77,52.11,46.72,25.12,21.15,15.65,1316299,53178.55,1143.07,52035.48,56,25.3,NA,NA,NA,NA,NA,NA,NA,NA,NA,NA,NA,NA,NA,NA,NA,NA,NA,NA,NA,NA,NA,NA,NA,NA,NA,NA,NA,NA,NA,NA,NA,NA,NA,NA,NA,NA,NA,NA,NA,NA,NA,NA,NA,NA,NA,NA,NA,NA,NA,NA,NA,NA,NA,NA,NA,NA,NA,NA,NA,NA,NA,NA,NA,NA,NA,NA,NA,NA,NA,NA,NA,NA,NA,NA,NA,NA,NA,NA,NA,NA,NA,NA,NA,NA,NA,NA,NA,NA,NA,NA,NA,NA,NA,NA,NA,NA,NA,NA,NA,NA,NA,NA,NA,NA,NA,NA,NA,NA,NA,NA,NA,NA,NA,NA,NA,NA,NA,NA,NA,NA,NA,NA,NA,NA,NA,NA,NA,NA,NA,NA,NA,NA,NA,NA,NA,NA,NA,207.6,188.2,79.9,75,7,6.5,0.279,0.182,0.333,34.2,23.7,0.662,0.930,29.6,14,0.307,0.8,0.258,0.579,6256,33,108,266,150,53,65,72,256,43,1394,95,210,55,87,36,496,77,47,37,74,65,82,26,277,127,152,72,35,384,64,33,20,220,27,33,207,39,13,41,67,28,11,1305,209,88,899,1685,619,301,9,3513,352,370,333,327,364,202,139,43,1507,3637,NA,NA,NA,NA,NA,NA,NA,NA,NA,NA,NA,NA,NA,NA,NA,NA,NA,NA
06000,CA,California,NA,NA,NA,39557045,157696,477145,280674,196471,117797,-156068,-38271,-504,825850,12.1,7.1,5.0,3.0,-4.0,-1.0,4475565,5391120,7633463,8718737,17.1,20.6,29.1,33.3,4972955,4927111,5018799,12.8,12.7,12.9,1539628,1512838,1566418,17.4,17.1,17.7,1086618,1063217,1110019,16.9,16.5,17.3,75250,74934,75566,19398212,18582802,815410,4.2,75250 ,100.0,5.95,3.02,2.81,7.35,4.79,3.47,4.25,4.11,1.87,7.17,2.84,6.62,27.24,30.38,35.19,49.19,57.09,66.73,74.94,70.75,63.29,53.70,38.41,31.86,36.02,38.88,44.65,59.14,66.71,76.92,85.70,81.30,74.42,62.71,47.74,39.86,18.48,21.88,25.74,39.24,47.44,56.50,64.16,60.19,52.16,44.66,29.07,23.90,13680081,163694.74,7915.52,155779.22,239.1,87.8,NA,NA,NA,NA,NA,NA,NA,NA,NA,NA,NA,NA,NA,NA,NA,NA,NA,NA,NA,NA,NA,NA,NA,NA,NA,NA,NA,NA,NA,NA,NA,NA,NA,NA,NA,NA,NA,NA,NA,NA,NA,NA,NA,NA,NA,NA,NA,NA,NA,NA,NA,NA,NA,NA,NA,NA,NA,NA,NA,NA,NA,NA,NA,NA,NA,NA,NA,NA,NA,NA,NA,NA,NA,NA,NA,NA,NA,NA,NA,NA,NA,NA,NA,NA,NA,NA,NA,NA,NA,NA,NA,NA,NA,NA,NA,NA,NA,NA,NA,NA,NA,NA,NA,NA,NA,NA,NA,NA,NA,NA,NA,NA,NA,NA,NA,NA,NA,NA,NA,NA,NA,NA,NA,NA,NA,NA,NA,NA,NA,NA,NA,NA,NA,NA,NA,NA,NA,279.6,243.8,96.2,87.1,7.2,6.2,0.378,0.240,0.337,19.8,8.8,0.275,0.403,29.4,10.6,0.107,1.5,0.227,0.628,110603,595,1569,5244,2288,1184,1277,1815,5445,867,13588,1681,2849,615,1736,1024,15652,404,365,675,1236,653,1624,423,5113,2487,2274,1189,627,7705,1074,1127,909,5693,589,587,3235,726,269,473,1091,399,410,15414,7917,359,22363,15198,10500,5956,118,54135,7288,5367,6098,6050,5012,3235,1898,822,23001,58771,NA,NA,NA,NA,NA,NA,NA,NA,NA,NA,NA,NA,NA,NA,NA,NA,NA,NA
08000,CO,Colorado,NA,NA,NA,5695564,79662,66249,38367,27882,8207,43293,51500,280,121148,11.7,6.8,4.9,1.5,7.7,9.1,322718,803431,1117551,1504892,8.6,21.4,29.8,40.1,540579,526780,554378,9.7,9.5,9.9,151618,143217,160019,12.1,11.4,12.8,105173,97675,112671,11.5,10.7,12.3,71949,71309,72589,3096358,2994752,101606,3.3,71949 ,100.0,4.01,1.88,2.00,3.21,3.15,7.71,7.47,8.44,1.60,5.02,1.88,4.65,57.50,66.69,64.89,70.59,78.67,82.17,82.72,82.86,81.82,77.34,64.03,62.99,68.63,76.88,76.14,82.40,89.75,91.62,92.09,91.32,91.67,86.51,74.95,72.76,46.36,56.49,53.64,58.76,67.58,72.71,73.34,74.39,71.96,68.19,53.09,53.20,2212898,104093.67,451.78,103641.89,48.5,21.4,NA,NA,NA,NA,NA,NA,NA,NA,NA,NA,NA,NA,NA,NA,NA,NA,NA,NA,NA,NA,NA,NA,NA,NA,NA,NA,NA,NA,NA,NA,NA,NA,NA,NA,NA,NA,NA,NA,NA,NA,NA,NA,NA,NA,NA,NA,NA,NA,NA,NA,NA,NA,NA,NA,NA,NA,NA,NA,NA,NA,NA,NA,NA,NA,NA,NA,NA,NA,NA,NA,NA,NA,NA,NA,NA,NA,NA,NA,NA,NA,NA,NA,NA,NA,NA,NA,NA,NA,NA,NA,NA,NA,NA,NA,NA,NA,NA,NA,NA,NA,NA,NA,NA,NA,NA,NA,NA,NA,NA,NA,NA,NA,NA,NA,NA,NA,NA,NA,NA,NA,NA,NA,NA,NA,NA,NA,NA,NA,NA,NA,NA,NA,NA,NA,NA,NA,NA,285.7,262.5,95.4,88.9,7.8,7.1,0.388,0.083,0.295,30,14.4,1.097,0.315,28.5,11.4,0.034,0.9,0.403,0.429,16272,110,200,904,254,194,223,226,1074,110,2581,210,444,92,223,131,1717,69,54,81,142,111,214,71,760,285,381,184,64,958,202,117,196,599,90,73,464,99,65,57,158,69,43,2895,2247,89,2503,2723,1166,811,17,7220,769,684,835,949,621,346,233,90,2762,7289,NA,NA,NA,NA,NA,NA,NA,NA,NA,NA,NA,NA,NA,NA,NA,NA,NA,NA
09000,CT,Connecticut,NA,NA,NA,3572665,-1215,35048,31312,3736,16494,-21509,-5015,64,113244,9.8,8.8,1.0,4.6,-6.0,-1.4,235826,670519,607136,965227,9.5,27.1,24.5,38.9,358519,347713,369325,10.3,10.0,10.6,100250,94949,105551,13.8,13.1,14.5,70910,66291,75529,13.0,12.2,13.8,76366,75484,77248,1905312,1827070,78242,4.1,76366 ,100.0,5.14,3.57,3.02,4.10,2.30,5.96,3.87,4.47,0.85,5.49,3.15,6.63,47.67,55.50,55.76,64.28,75.32,77.78,80.80,80.54,79.01,69.22,52.33,51.73,58.07,66.17,67.89,77.20,87.62,88.48,91.66,91.22,92.12,80.43,64.68,62.14,37.26,44.82,43.61,51.36,62.99,67.06,69.95,69.84,65.88,58.01,39.99,41.32,1487891,5543.41,701.06,4842.36,738.1,307.3,NA,NA,NA,NA,NA,NA,NA,NA,NA,NA,NA,NA,NA,NA,NA,NA,NA,NA,NA,NA,NA,NA,NA,NA,NA,NA,NA,NA,NA,NA,NA,NA,NA,NA,NA,NA,NA,NA,NA,NA,NA,NA,NA,NA,NA,NA,NA,NA,NA,NA,NA,NA,NA,NA,NA,NA,NA,NA,NA,NA,NA,NA,NA,NA,NA,NA,NA,NA,NA,NA,NA,NA,NA,NA,NA,NA,NA,NA,NA,NA,NA,NA,NA,NA,NA,NA,NA,NA,NA,NA,NA,NA,NA,NA,NA,NA,NA,NA,NA,NA,NA,NA,NA,NA,NA,NA,NA,NA,NA,NA,NA,NA,NA,NA,NA,NA,NA,NA,NA,NA,NA,NA,NA,NA,NA,NA,NA,NA,NA,NA,NA,NA,NA,NA,NA,NA,NA,352.1,302.9,105.7,93.7,8.6,7.1,0.379,0.297,0.341,38.8,13,0.609,0.445,68,26.8,0.357,1.7,0.189,0.191,12579,74,190,558,374,230,177,188,515,150,653,275,306,116,239,171,2105,65,47,83,159,76,181,39,627,278,256,115,49,830,100,86,76,810,94,62,401,95,17,54,120,50,58,3230,1620,32,3889,783,1325,984,9,6990,1233,814,677,766,818,614,358,222,3113,8615,NA,NA,NA,NA,NA,NA,NA,NA,NA,NA,NA,NA,NA,NA,NA,NA,NA,NA
10000,DE,Delaware,NA,NA,NA,967171,10093,10709,9307,1402,1820,6858,8678,13,24960,11.1,9.7,1.5,1.9,7.1,9.0,67482,208557,176708,207232,10.2,31.6,26.8,31.4,114691,108944,120438,12.2,11.6,12.8,35031,32638,37424,17.6,16.4,18.8,24091,22018,26164,16.5,15.1,17.9,65467,64062,66872,482465,464337,18128,3.8,65467 ,100.0,2.15,4.62,1.35,2.90,2.80,0.96,0.48,0.53,2.05,1.35,0.75,2.14,26.62,23.93,33.38,44.10,50.97,58.55,66.85,67.15,56.16,37.49,34.79,27.18,34.73,31.65,44.55,54.46,62.94,72.33,81.99,82.95,68.86,49.60,45.35,33.67,18.53,16.23,22.21,33.71,39.02,44.76,51.69,51.36,43.44,25.36,24.23,20.68,405885,2488.72,540.18,1948.54,460.8,208.3,NA,NA,NA,NA,NA,NA,NA,NA,NA,NA,NA,NA,NA,NA,NA,NA,NA,NA,NA,NA,NA,NA,NA,NA,NA,NA,NA,NA,NA,NA,NA,NA,NA,NA,NA,NA,NA,NA,NA,NA,NA,NA,NA,NA,NA,NA,NA,NA,NA,NA,NA,NA,NA,NA,NA,NA,NA,NA,NA,NA,NA,NA,NA,NA,NA,NA,NA,NA,NA,NA,NA,NA,NA,NA,NA,NA,NA,NA,NA,NA,NA,NA,NA,NA,NA,NA,NA,NA,NA,NA,NA,NA,NA,NA,NA,NA,NA,NA,NA,NA,NA,NA,NA,NA,NA,NA,NA,NA,NA,NA,NA,NA,NA,NA,NA,NA,NA,NA,NA,NA,NA,NA,NA,NA,NA,NA,NA,NA,NA,NA,NA,NA,NA,NA,NA,NA,NA,284.6,252.3,96.8,87.2,7,6.6,0.390,0.263,0.302,NA,NA,NA,NA,39.8,16.6,0.158,NA,0.149,NA,2753,18,31,100,73,27,36,23,124,13,348,48,68,18,43,31,304,36,13,27,35,NA,39,NA,125,50,62,25,19,227,35,18,19,102,16,14,91,13,16,16,27,12,NA,522,255,7,493,411,474,182,4,1564,161,173,108,232,186,115,57,13,539,1584,NA,NA,NA,NA,NA,NA,NA,NA,NA,NA,NA,NA,NA,NA,NA,NA,NA,NA
11000,DC,District of Columbia,NA,NA,NA,702455,6764,9788,5684,4104,3592,-936,2656,4,39629,14.0,8.1,5.9,5.1,-1.3,3.8,45805,83572,77255,280349,9.4,17.2,15.9,57.6,107806,101833,113779,16.1,15.2,17.0,30803,27014,34592,24.5,21.5,27.5,20062,16610,23514,24.8,20.5,29.1,82533,80186,84880,404610,382140,22470,5.6,82533 ,100.0,3.41,3.54,4.14,4.70,8.06,5.27,3.21,4.05,4.60,5.14,2.60,1.96,26.15,30.10,37.85,52.95,62.93,71.11,77.50,73.13,71.97,54.11,36.49,36.10,34.06,38.64,47.35,63.76,72.70,81.16,87.59,83.46,82.59,64.83,45.41,45.29,18.24,21.54,28.33,42.12,53.15,61.05,67.40,62.80,61.34,43.37,27.57,26.89,296719,68.34,7.29,61.05,9856.5,4860.4,NA,NA,NA,NA,NA,NA,NA,NA,NA,NA,NA,NA,NA,NA,NA,NA,NA,NA,NA,NA,NA,NA,NA,NA,NA,NA,NA,NA,NA,NA,NA,NA,NA,NA,NA,NA,NA,NA,NA,NA,NA,NA,NA,NA,NA,NA,NA,NA,NA,NA,NA,NA,NA,NA,NA,NA,NA,NA,NA,NA,NA,NA,NA,NA,NA,NA,NA,NA,NA,NA,NA,NA,NA,NA,NA,NA,NA,NA,NA,NA,NA,NA,NA,NA,NA,NA,NA,NA,NA,NA,NA,NA,NA,NA,NA,NA,NA,NA,NA,NA,NA,NA,NA,NA,NA,NA,NA,NA,NA,NA,NA,NA,NA,NA,NA,NA,NA,NA,NA,NA,NA,NA,NA,NA,NA,NA,NA,NA,NA,NA,NA,NA,NA,NA,NA,NA,NA,847,619,239.7,179.4,25.3,15.2,0.472,0.230,0.305,295,NA,0.020,0.315,238.9,77.9,0.299,0.9,0.051,0.062,5950,40,107,230,139,81,98,61,260,64,310,91,178,39,140,123,818,28,24,55,72,37,102,31,239,100,67,47,15,470,48,38,102,359,33,22,148,52,11,28,55,26,23,359,288,10,1623,332,809,405,7,3176,565,425,300,374,298,287,192,94,1635,4170,NA,NA,NA,NA,NA,NA,NA,NA,NA,NA,NA,NA,NA,NA,NA,NA,NA,NA
12000,FL,Florida,NA,NA,NA,21299325,322513,221488,208165,13323,175670,132602,308272,918,430361,10.5,9.8,0.6,8.3,6.3,14.6,1769489,4231678,4402103,4283457,12.0,28.8,30.0,29.2,2854438,2815667,2893209,13.7,13.5,13.9,831420,809956,852884,20.0,19.5,20.5,569270,550737,587803,18.8,18.2,19.4,55433,55052,55814,10234770,9869673,365097,3.6,55433 ,100.0,3.55,4.60,4.22,5.64,5.95,6.22,3.62,3.49,2.10,4.26,2.74,3.30,27.10,32.54,37.27,52.31,62.79,69.87,76.34,72.32,70.99,55.72,36.60,36.34,34.97,41.02,46.76,63.21,73.10,79.96,86.91,83.18,82.64,67.25,45.53,45.42,19.23,24.06,27.78,41.40,52.47,59.77,65.74,61.46,59.31,44.18,27.66,27.25,8989580,65757.7,12132.94,53624.76,350.6,167.6,NA,NA,NA,NA,NA,NA,NA,NA,NA,NA,NA,NA,NA,NA,NA,NA,NA,NA,NA,NA,NA,NA,NA,NA,NA,NA,NA,NA,NA,NA,NA,NA,NA,NA,NA,NA,NA,NA,NA,NA,NA,NA,NA,NA,NA,NA,NA,NA,NA,NA,NA,NA,NA,NA,NA,NA,NA,NA,NA,NA,NA,NA,NA,NA,NA,NA,NA,NA,NA,NA,NA,NA,NA,NA,NA,NA,NA,NA,NA,NA,NA,NA,NA,NA,NA,NA,NA,NA,NA,NA,NA,NA,NA,NA,NA,NA,NA,NA,NA,NA,NA,NA,NA,NA,NA,NA,NA,NA,NA,NA,NA,NA,NA,NA,NA,NA,NA,NA,NA,NA,NA,NA,NA,NA,NA,NA,NA,NA,NA,NA,NA,NA,NA,NA,NA,NA,NA,265.2,240.7,86.8,80.1,6.9,6,0.307,0.359,0.361,27,14.4,0.532,0.582,28.9,11.6,0.312,1.1,0.840,0.480,56484,256,757,2631,1643,416,739,944,2641,477,6879,1093,1463,405,939,566,7513,184,292,354,653,416,961,231,2525,1340,1170,584,463,3481,544,652,304,1859,420,372,1809,367,147,322,733,267,259,12360,6093,217,11595,8280,4683,2733,105,27396,2303,2818,2806,2928,2684,2107,1099,422,11936,29103,NA,NA,NA,NA,NA,NA,NA,NA,NA,NA,NA,NA,NA,NA,NA,NA,NA,NA
13000,GA,Georgia,NA,NA,NA,10519475,106420,127649,84888,42761,21786,41914,63700,-41,264562,12.2,8.1,4.1,2.1,4.0,6.1,903914,1890132,1912385,2080116,13.3,27.9,28.2,30.7,1484439,1458654,1510224,14.5,14.2,14.8,516311,501546,531076,21.0,20.4,21.6,360513,348023,373003,19.9,19.2,20.6,58634,57940,59328,5107656,4906411,201245,3.9,58634 ,100.0,1.32,2.36,2.21,3.03,8.32,3.93,3.35,3.53,6.24,4.73,1.47,1.26,18.74,15.45,31.26,49.27,56.66,69.33,75.16,69.67,68.29,47.21,32.51,29.29,27.07,24.58,40.11,60.79,66.62,79.68,85.26,79.94,78.06,57.27,41.13,38.19,10.43,6.34,22.42,37.75,46.68,58.98,65.05,59.38,58.52,37.15,23.88,20.39,4088801,59425.15,1911.67,57513.49,168.4,71.1,NA,NA,NA,NA,NA,NA,NA,NA,NA,NA,NA,NA,NA,NA,NA,NA,NA,NA,NA,NA,NA,NA,NA,NA,NA,NA,NA,NA,NA,NA,NA,NA,NA,NA,NA,NA,NA,NA,NA,NA,NA,NA,NA,NA,NA,NA,NA,NA,NA,NA,NA,NA,NA,NA,NA,NA,NA,NA,NA,NA,NA,NA,NA,NA,NA,NA,NA,NA,NA,NA,NA,NA,NA,NA,NA,NA,NA,NA,NA,NA,NA,NA,NA,NA,NA,NA,NA,NA,NA,NA,NA,NA,NA,NA,NA,NA,NA,NA,NA,NA,NA,NA,NA,NA,NA,NA,NA,NA,NA,NA,NA,NA,NA,NA,NA,NA,NA,NA,NA,NA,NA,NA,NA,NA,NA,NA,NA,NA,NA,NA,NA,NA,NA,NA,NA,NA,NA,228.7,202.9,79.1,71.9,7,6.1,0.356,0.225,0.308,28.6,9.2,0.392,0.689,25.5,10.5,0.257,0.9,0.307,0.439,24054,113,302,978,612,197,318,271,1139,164,2942,403,734,124,354,296,3328,97,97,149,351,150,352,89,1365,472,553,305,172,1820,210,206,363,896,117,137,748,139,56,100,274,97,137,4815,3327,145,4978,3411,2446,1662,27,12524,1219,1465,1199,1385,1201,828,467,166,4858,12788,NA,NA,NA,NA,NA,NA,NA,NA,NA,NA,NA,NA,NA,NA,NA,NA,NA,NA
15000,HI,Hawaii,NA,NA,NA,1420491,-3712,17326,12660,4666,4075,-12430,-8355,-23,43754,12.2,8.9,3.3,2.9,-8.7,-5.9,80696,273633,313042,320996,8.2,27.7,31.7,32.5,124400,118134,130666,9.0,8.5,9.5,35184,32034,38334,11.8,10.7,12.9,22819,20314,25324,10.8,9.6,12.0,80527,78756,82298,678734,662128,16606,2.4,80527 ,100.0,4.72,9.14,3.73,4.91,4.45,8.05,5.32,3.44,0.22,6.30,4.62,6.06,34.84,42.11,42.94,57.68,68.12,71.76,77.31,75.40,74.81,59.82,41.08,41.92,42.85,52.03,53.95,70.15,78.98,82.03,87.75,86.69,88.68,72.59,52.25,51.50,26.81,32.18,31.93,45.19,57.26,61.49,66.86,64.11,60.93,47.04,29.89,32.32,519508,10931.72,4509.09,6422.63,211.8,80.9,NA,NA,NA,NA,NA,NA,NA,NA,NA,NA,NA,NA,NA,NA,NA,NA,NA,NA,NA,NA,NA,NA,NA,NA,NA,NA,NA,NA,NA,NA,NA,NA,NA,NA,NA,NA,NA,NA,NA,NA,NA,NA,NA,NA,NA,NA,NA,NA,NA,NA,NA,NA,NA,NA,NA,NA,NA,NA,NA,NA,NA,NA,NA,NA,NA,NA,NA,NA,NA,NA,NA,NA,NA,NA,NA,NA,NA,NA,NA,NA,NA,NA,NA,NA,NA,NA,NA,NA,NA,NA,NA,NA,NA,NA,NA,NA,NA,NA,NA,NA,NA,NA,NA,NA,NA,NA,NA,NA,NA,NA,NA,NA,NA,NA,NA,NA,NA,NA,NA,NA,NA,NA,NA,NA,NA,NA,NA,NA,NA,NA,NA,NA,NA,NA,NA,NA,NA,314.1,273.7,118.5,104.7,9.4,8.4,0.353,0.139,0.373,20.4,20.4,0.151,0.659,30.1,14.8,0.201,1.5,0.034,0.518,4462,16,57,178,70,71,42,61,275,21,536,63,133,80,45,27,688,35,NA,29,35,19,46,19,236,116,95,41,18,340,48,27,72,229,20,18,125,25,14,17,47,12,13,412,157,22,755,490,320,289,2,1856,283,166,178,211,160,73,43,19,671,1804,NA,NA,NA,NA,NA,NA,NA,NA,NA,NA,NA,NA,NA,NA,NA,NA,NA,NA
16000,ID,Idaho,NA,NA,NA,1754208,35304,22412,12989,9423,1681,24095,25776,105,30161,12.9,7.5,5.4,1.0,13.9,14.8,102691,301860,391446,293269,9.4,27.7,35.9,26.9,201804,194060,209548,11.7,11.3,12.1,62392,58102,66682,14.2,13.2,15.2,41467,37605,45329,12.8,11.6,14.0,55524,54649,56399,857049,832732,24317,2.8,55524 ,100.0,5.62,4.67,2.12,8.41,8.07,6.20,7.58,4.94,1.59,8.18,1.71,3.08,49.85,57.79,58.26,65.29,76.06,80.19,81.75,83.48,82.28,69.26,54.63,54.18,59.92,66.73,69.10,75.79,85.23,89.79,90.53,92.68,93.24,79.70,67.01,64.79,39.77,48.82,47.42,54.78,66.88,70.57,72.97,74.29,71.30,58.81,42.26,43.57,667796,83568.95,925.83,82643.12,19,8.1,NA,NA,NA,NA,NA,NA,NA,NA,NA,NA,NA,NA,NA,NA,NA,NA,NA,NA,NA,NA,NA,NA,NA,NA,NA,NA,NA,NA,NA,NA,NA,NA,NA,NA,NA,NA,NA,NA,NA,NA,NA,NA,NA,NA,NA,NA,NA,NA,NA,NA,NA,NA,NA,NA,NA,NA,NA,NA,NA,NA,NA,NA,NA,NA,NA,NA,NA,NA,NA,NA,NA,NA,NA,NA,NA,NA,NA,NA,NA,NA,NA,NA,NA,NA,NA,NA,NA,NA,NA,NA,NA,NA,NA,NA,NA,NA,NA,NA,NA,NA,NA,NA,NA,NA,NA,NA,NA,NA,NA,NA,NA,NA,NA,NA,NA,NA,NA,NA,NA,NA,NA,NA,NA,NA,NA,NA,NA,NA,NA,NA,NA,NA,NA,NA,NA,NA,NA,192.6,181.6,73.9,68.9,5.8,5.5,0.263,0.055,0.294,9.2,NA,NA,NA,8,8,0.113,0.7,1.820,NA,3379,15,26,111,67,23,30,43,231,13,798,45,101,NA,31,13,316,10,11,19,30,29,35,18,163,64,128,42,19,164,44,23,20,81,22,16,128,17,22,10,43,12,11,688,618,45,389,922,154,148,4,1617,109,149,112,171,207,48,31,14,554,1395,NA,NA,NA,NA,NA,NA,NA,NA,NA,NA,NA,NA,NA,NA,NA,NA,NA,NA
17000,IL,Illinois,NA,NA,NA,12741080,-45116,148117,110092,38025,30735,-114154,-83419,278,296779,11.6,8.6,3.0,2.4,-8.9,-6.5,964587,2267535,2492430,2957791,11.1,26.1,28.7,34.1,1509348,1485972,1532724,12.1,11.9,12.3,457282,442712,471852,16.2,15.7,16.7,314467,301816,327118,15.3,14.7,15.9,65063,64570,65556,6469668,6191319,278349,4.3,65063 ,100.0,5.51,2.99,2.43,5.37,4.45,5.25,3.17,4.80,2.64,6.39,4.10,4.66,17.11,19.24,26.67,40.49,49.28,60.49,69.45,65.70,57.02,47.66,31.51,24.96,26.61,28.78,37.37,49.42,58.88,71.49,80.98,76.60,67.66,56.34,39.15,32.83,7.65,9.68,15.96,31.59,39.64,49.49,57.89,54.76,46.39,38.97,23.85,17.09,5296715,57913.55,2394.62,55518.93,231.1,95.4,NA,NA,NA,NA,NA,NA,NA,NA,NA,NA,NA,NA,NA,NA,NA,NA,NA,NA,NA,NA,NA,NA,NA,NA,NA,NA,NA,NA,NA,NA,NA,NA,NA,NA,NA,NA,NA,NA,NA,NA,NA,NA,NA,NA,NA,NA,NA,NA,NA,NA,NA,NA,NA,NA,NA,NA,NA,NA,NA,NA,NA,NA,NA,NA,NA,NA,NA,NA,NA,NA,NA,NA,NA,NA,NA,NA,NA,NA,NA,NA,NA,NA,NA,NA,NA,NA,NA,NA,NA,NA,NA,NA,NA,NA,NA,NA,NA,NA,NA,NA,NA,NA,NA,NA,NA,NA,NA,NA,NA,NA,NA,NA,NA,NA,NA,NA,NA,NA,NA,NA,NA,NA,NA,NA,NA,NA,NA,NA,NA,NA,NA,NA,NA,NA,NA,NA,NA,284.4,240.5,99.6,87.2,7,5.8,0.387,0.307,0.304,44.7,13.4,0.025,0.626,49.1,19.8,0.259,1.2,0.071,0.309,36240,218,585,1569,898,298,476,440,1787,325,4545,589,888,227,639,386,5261,282,163,286,448,206,532,184,1754,751,634,349,238,2352,402,233,197,1382,189,197,1019,237,117,150,366,193,123,4963,2492,187,9651,6054,3830,2424,34,21993,2027,2053,2088,2646,1978,1425,842,385,7940,21384,NA,NA,NA,NA,NA,NA,NA,NA,NA,NA,NA,NA,NA,NA,NA,NA,NA,NA
18000,IN,Indiana,NA,NA,NA,6691878,31796,81075,61864,19211,9227,3555,12782,-197,187652,12.1,9.3,2.9,1.4,0.5,1.9,502624,1475931,1281352,1139908,11.4,33.5,29.1,25.9,844165,826659,861671,13.0,12.7,13.3,268470,258334,278606,17.5,16.8,18.2,180400,171994,188806,16.2,15.4,17.0,55725,55210,56240,3381713,3265580,116133,3.4,55725 ,100.0,3.22,3.57,4.11,2.93,5.07,4.19,4.84,3.12,0.65,5.29,1.66,3.59,34.04,37.74,42.40,58.09,67.55,72.93,79.08,76.11,71.96,60.75,42.96,39.15,42.56,46.73,52.30,68.78,77.44,83.06,89.54,86.19,83.11,70.36,52.87,47.82,25.54,28.72,32.48,47.36,57.68,62.78,68.60,66.02,60.78,51.14,33.03,30.46,2795541,36419.55,593.44,35826.11,181,78,NA,NA,NA,NA,NA,NA,NA,NA,NA,NA,NA,NA,NA,NA,NA,NA,NA,NA,NA,NA,NA,NA,NA,NA,NA,NA,NA,NA,NA,NA,NA,NA,NA,NA,NA,NA,NA,NA,NA,NA,NA,NA,NA,NA,NA,NA,NA,NA,NA,NA,NA,NA,NA,NA,NA,NA,NA,NA,NA,NA,NA,NA,NA,NA,NA,NA,NA,NA,NA,NA,NA,NA,NA,NA,NA,NA,NA,NA,NA,NA,NA,NA,NA,NA,NA,NA,NA,NA,NA,NA,NA,NA,NA,NA,NA,NA,NA,NA,NA,NA,NA,NA,NA,NA,NA,NA,NA,NA,NA,NA,NA,NA,NA,NA,NA,NA,NA,NA,NA,NA,NA,NA,NA,NA,NA,NA,NA,NA,NA,NA,NA,NA,NA,NA,NA,NA,NA,230.8,212,80.3,74.4,6.5,6.1,0.318,0.217,0.311,32.1,22.3,0.780,0.763,22.3,9.7,0.150,0.7,0.122,0.511,15448,65,215,1063,398,93,199,155,763,134,2686,245,432,73,262,130,1605,161,81,120,215,89,232,66,736,270,376,170,110,838,150,94,78,438,91,103,465,97,69,89,184,77,55,3453,845,132,2631,3323,1301,831,24,8110,659,828,1187,915,874,550,336,136,3221,8706,NA,NA,NA,NA,NA,NA,NA,NA,NA,NA,NA,NA,NA,NA,NA,NA,NA,NA
19000,IA,Iowa,NA,NA,NA,3156145,12508,38417,28803,9614,5828,-2886,2942,-48,98932,12.2,9.1,3.1,1.9,-0.9,0.9,166709,648137,679510,587017,8.0,31.1,32.6,28.2,342574,332902,352246,11.2,10.9,11.5,96859,91572,102146,13.5,12.8,14.2,64851,60212,69490,12.5,11.6,13.4,60071,59227,60915,1686840,1644280,42560,2.5,60071 ,100.0,5.36,3.18,2.82,6.57,3.77,4.58,4.28,3.62,2.12,6.40,3.30,7.36,27.31,29.64,34.45,48.04,55.07,65.41,73.81,70.24,62.61,53.23,38.72,32.03,35.95,37.91,43.82,57.54,64.11,75.34,84.14,80.51,73.49,61.63,47.61,40.10,18.69,21.37,25.09,38.55,46.01,55.49,63.49,59.94,51.73,44.81,29.83,23.94,1336417,56272.81,415.68,55857.13,54.5,23.9,NA,NA,NA,NA,NA,NA,NA,NA,NA,NA,NA,NA,NA,NA,NA,NA,NA,NA,NA,NA,NA,NA,NA,NA,NA,NA,NA,NA,NA,NA,NA,NA,NA,NA,NA,NA,NA,NA,NA,NA,NA,NA,NA,NA,NA,NA,NA,NA,NA,NA,NA,NA,NA,NA,NA,NA,NA,NA,NA,NA,NA,NA,NA,NA,NA,NA,NA,NA,NA,NA,NA,NA,NA,NA,NA,NA,NA,NA,NA,NA,NA,NA,NA,NA,NA,NA,NA,NA,NA,NA,NA,NA,NA,NA,NA,NA,NA,NA,NA,NA,NA,NA,NA,NA,NA,NA,NA,NA,NA,NA,NA,NA,NA,NA,NA,NA,NA,NA,NA,NA,NA,NA,NA,NA,NA,NA,NA,NA,NA,NA,NA,NA,NA,NA,NA,NA,NA,218.2,193.1,84.8,77.9,6.9,6.5,0.329,0.195,0.296,49.4,21.3,0.051,0.702,32.2,12.7,0.191,0.6,0.218,0.219,6886,28,98,320,160,49,101,77,251,39,1647,86,217,33,107,52,622,18,34,45,63,37,96,28,280,161,170,88,35,355,45,31,51,219,35,43,198,41,13,33,67,19,28,1922,853,118,1278,2161,639,331,15,4424,340,528,465,349,400,271,144,42,1548,4087,NA,NA,NA,NA,NA,NA,NA,NA,NA,NA,NA,NA,NA,NA,NA,NA,NA,NA
20000,KS,Kansas,NA,NA,NA,2911505,816,36637,25272,11365,2057,-12564,-10507,-42,79632,12.6,8.7,3.9,0.7,-4.3,-3.6,175719,492819,603061,623076,9.3,26.0,31.8,32.9,336892,326660,347124,11.9,11.5,12.3,102616,97199,108033,14.8,14.0,15.6,68153,63396,72910,13.5,12.6,14.4,58150,57401,58899,1482220,1432387,49833,3.4,58150 ,100.0,2.33,2.77,1.87,3.55,4.68,4.40,3.04,2.39,5.12,5.59,2.68,3.37,17.49,20.91,28.13,43.13,52.40,62.89,71.35,66.77,62.70,47.91,31.30,29.17,25.18,29.06,38.14,52.95,63.33,74.23,82.85,78.45,72.23,56.66,37.77,35.67,9.80,12.77,18.12,33.30,41.45,51.55,59.86,55.07,53.15,39.15,24.81,22.67,1233215,82278.36,519.64,81758.72,34.9,15.1,NA,NA,NA,NA,NA,NA,NA,NA,NA,NA,NA,NA,NA,NA,NA,NA,NA,NA,NA,NA,NA,NA,NA,NA,NA,NA,NA,NA,NA,NA,NA,NA,NA,NA,NA,NA,NA,NA,NA,NA,NA,NA,NA,NA,NA,NA,NA,NA,NA,NA,NA,NA,NA,NA,NA,NA,NA,NA,NA,NA,NA,NA,NA,NA,NA,NA,NA,NA,NA,NA,NA,NA,NA,NA,NA,NA,NA,NA,NA,NA,NA,NA,NA,NA,NA,NA,NA,NA,NA,NA,NA,NA,NA,NA,NA,NA,NA,NA,NA,NA,NA,NA,NA,NA,NA,NA,NA,NA,NA,NA,NA,NA,NA,NA,NA,NA,NA,NA,NA,NA,NA,NA,NA,NA,NA,NA,NA,NA,NA,NA,NA,NA,NA,NA,NA,NA,NA,227.6,206.5,88,80.5,6.8,6.3,0.333,0.171,0.308,30,30,0.217,0.767,28.6,10,0.193,1,0.140,0.377,6627,36,90,310,155,60,81,70,256,47,1434,81,197,29,100,43,659,66,33,31,70,40,93,17,294,131,168,81,37,371,66,63,27,241,29,39,204,41,24,36,82,29,17,1642,832,139,1205,1789,695,418,6,4113,455,465,407,294,338,222,129,43,1460,3813,NA,NA,NA,NA,NA,NA,NA,NA,NA,NA,NA,NA,NA,NA,NA,NA,NA,NA
21000,KY,Kentucky,NA,NA,NA,4468402,14528,53803,45778,8025,5816,798,6614,-111,131697,12.1,10.3,1.8,1.3,0.2,1.5,429573,991791,873037,709603,14.3,33.0,29.1,23.6,723053,707601,738505,16.7,16.3,17.1,219283,210957,227609,22.3,21.5,23.1,150539,143195,157883,21.2,20.2,22.2,50189,49631,50747,2061622,1972312,89310,4.3,50189 ,100.0,0.63,1.82,1.85,3.14,4.98,3.58,5.22,3.34,6.18,4.27,1.25,1.68,8.80,6.36,23.61,42.77,51.70,65.77,71.38,66.27,61.80,43.04,27.18,18.15,17.57,15.97,33.57,52.69,62.21,76.93,81.59,76.74,71.14,50.94,33.86,26.31,0.05,-3.24,13.66,32.83,41.18,54.59,61.15,55.79,52.45,35.13,20.51,9.98,1927164,40407.8,921.46,39486.34,109.9,48.8,NA,NA,NA,NA,NA,NA,NA,NA,NA,NA,NA,NA,NA,NA,NA,NA,NA,NA,NA,NA,NA,NA,NA,NA,NA,NA,NA,NA,NA,NA,NA,NA,NA,NA,NA,NA,NA,NA,NA,NA,NA,NA,NA,NA,NA,NA,NA,NA,NA,NA,NA,NA,NA,NA,NA,NA,NA,NA,NA,NA,NA,NA,NA,NA,NA,NA,NA,NA,NA,NA,NA,NA,NA,NA,NA,NA,NA,NA,NA,NA,NA,NA,NA,NA,NA,NA,NA,NA,NA,NA,NA,NA,NA,NA,NA,NA,NA,NA,NA,NA,NA,NA,NA,NA,NA,NA,NA,NA,NA,NA,NA,NA,NA,NA,NA,NA,NA,NA,NA,NA,NA,NA,NA,NA,NA,NA,NA,NA,NA,NA,NA,NA,NA,NA,NA,NA,NA,230.9,214.6,77.3,72.9,8.3,7.6,0.314,0.208,0.316,40.3,28.3,0.321,0.883,31.4,10.8,0.184,0.7,0.254,0.449,10319,68,143,483,251,97,149,121,520,58,1468,158,369,34,170,78,1102,160,63,82,138,72,144,30,496,196,252,112,84,687,78,84,62,347,63,65,341,60,26,72,132,25,58,2934,986,105,1975,1900,930,662,14,5481,593,787,623,696,560,362,200,69,2566,6456,NA,NA,NA,NA,NA,NA,NA,NA,NA,NA,NA,NA,NA,NA,NA,NA,NA,NA
22000,LA,Louisiana,NA,NA,NA,4659978,-10840,60341,46256,14085,3012,-27914,-24902,-23,129499,12.9,9.9,3.0,0.6,-6.0,-5.3,471960,1055768,842620,737593,15.2,34.0,27.1,23.7,848005,830136,865874,18.7,18.3,19.1,286532,276951,296113,26.5,25.6,27.4,196348,188095,204601,25.2,24.1,26.3,48021,47301,48741,2103495,2000791,102704,4.9,48021 ,100.0,6.14,7.91,3.31,8.75,5.92,5.30,6.83,5.36,0.38,10.10,2.74,5.47,46.17,54.85,54.46,63.05,74.14,78.12,80.72,81.32,81.12,66.49,50.08,50.57,55.86,64.64,66.19,74.67,84.44,88.51,90.42,91.59,93.64,77.20,63.08,60.62,36.49,45.04,42.71,51.42,63.83,67.73,71.00,71.04,68.59,55.80,37.07,40.51,1964981,52378.13,9174.23,43203.9,104.9,45.5,NA,NA,NA,NA,NA,NA,NA,NA,NA,NA,NA,NA,NA,NA,NA,NA,NA,NA,NA,NA,NA,NA,NA,NA,NA,NA,NA,NA,NA,NA,NA,NA,NA,NA,NA,NA,NA,NA,NA,NA,NA,NA,NA,NA,NA,NA,NA,NA,NA,NA,NA,NA,NA,NA,NA,NA,NA,NA,NA,NA,NA,NA,NA,NA,NA,NA,NA,NA,NA,NA,NA,NA,NA,NA,NA,NA,NA,NA,NA,NA,NA,NA,NA,NA,NA,NA,NA,NA,NA,NA,NA,NA,NA,NA,NA,NA,NA,NA,NA,NA,NA,NA,NA,NA,NA,NA,NA,NA,NA,NA,NA,NA,NA,NA,NA,NA,NA,NA,NA,NA,NA,NA,NA,NA,NA,NA,NA,NA,NA,NA,NA,NA,NA,NA,NA,NA,NA,260.3,231.8,84.1,75.8,9.1,7.8,0.314,0.198,0.320,45.6,28.7,0.128,0.873,47.1,17,0.282,1,0.282,0.400,12132,69,165,501,316,95,154,195,637,95,1503,208,424,35,180,122,1359,156,93,74,181,101,167,29,661,317,307,223,72,860,122,88,59,423,84,61,386,87,19,63,186,40,57,2364,767,158,2507,1792,1178,842,9,6328,641,811,603,784,604,459,244,97,3250,7493,NA,NA,NA,NA,NA,NA,NA,NA,NA,NA,NA,NA,NA,NA,NA,NA,NA,NA
23000,ME,Maine,NA,NA,NA,1338404,3341,12438,14079,-1641,570,4469,5039,-57,35836,9.3,10.5,-1.2,0.4,3.3,3.8,74426,308013,286179,299279,7.7,31.8,29.6,30.9,151458,145939,156977,11.6,11.2,12.0,35960,33575,38345,14.8,13.8,15.8,24279,22163,26395,13.6,12.4,14.8,55579,54367,56791,698745,675221,23524,3.4,55579 ,100.0,3.00,3.54,4.19,3.44,10.33,5.72,4.42,6.10,3.46,4.93,2.73,1.66,30.66,32.58,40.64,56.58,64.35,72.39,77.65,75.21,74.73,54.11,40.02,38.80,38.77,41.85,50.62,68.35,74.28,82.57,87.72,84.97,85.45,65.07,50.79,48.73,22.55,23.29,30.66,44.81,54.42,62.19,67.59,65.43,64.00,43.13,29.24,28.87,721830,35379.74,4536.82,30842.92,43.1,23.4,NA,NA,NA,NA,NA,NA,NA,NA,NA,NA,NA,NA,NA,NA,NA,NA,NA,NA,NA,NA,NA,NA,NA,NA,NA,NA,NA,NA,NA,NA,NA,NA,NA,NA,NA,NA,NA,NA,NA,NA,NA,NA,NA,NA,NA,NA,NA,NA,NA,NA,NA,NA,NA,NA,NA,NA,NA,NA,NA,NA,NA,NA,NA,NA,NA,NA,NA,NA,NA,NA,NA,NA,NA,NA,NA,NA,NA,NA,NA,NA,NA,NA,NA,NA,NA,NA,NA,NA,NA,NA,NA,NA,NA,NA,NA,NA,NA,NA,NA,NA,NA,NA,NA,NA,NA,NA,NA,NA,NA,NA,NA,NA,NA,NA,NA,NA,NA,NA,NA,NA,NA,NA,NA,NA,NA,NA,NA,NA,NA,NA,NA,NA,NA,NA,NA,NA,NA,330.2,305.7,128.9,119.7,12.1,11.7,0.373,0.138,0.360,53,NA,0.406,NA,24.7,12.2,0.121,0.5,0.093,0.182,4420,16,34,178,105,60,58,36,290,21,901,56,162,39,63,34,525,21,NA,18,40,21,52,NA,166,75,104,34,14,239,44,19,46,212,22,17,91,23,29,19,48,17,20,1100,556,34,805,1118,334,203,17,2477,313,276,214,317,193,127,70,19,715,2244,NA,NA,NA,NA,NA,NA,NA,NA,NA,NA,NA,NA,NA,NA,NA,NA,NA,NA
24000,MD,Maryland,NA,NA,NA,6042718,17827,71029,51184,19845,22575,-24518,-1943,-75,140447,11.8,8.5,3.3,3.7,-4.1,-0.3,409757,1021847,1052689,1630565,10.0,24.8,25.6,39.6,538824,523341,554307,9.1,8.8,9.4,159872,150870,168874,12.1,11.4,12.8,111001,103211,118791,11.6,10.8,12.4,83076,82103,84049,3197137,3071652,125485,3.9,83076 ,100.0,1.02,1.95,0.62,2.25,2.71,2.44,2.04,1.53,3.63,1.37,1.09,0.72,24.75,5.47,25.16,41.78,47.63,58.43,64.79,64.68,54.95,35.36,29.44,25.92,34.41,15.49,37.27,52.57,59.12,71.58,79.00,79.21,66.51,46.59,39.20,34.67,15.11,-4.57,13.05,30.97,36.14,45.25,50.58,50.13,43.37,24.12,19.69,17.18,2378814,12405.93,2698.69,9707.24,594.8,245.1,NA,NA,NA,NA,NA,NA,NA,NA,NA,NA,NA,NA,NA,NA,NA,NA,NA,NA,NA,NA,NA,NA,NA,NA,NA,NA,NA,NA,NA,NA,NA,NA,NA,NA,NA,NA,NA,NA,NA,NA,NA,NA,NA,NA,NA,NA,NA,NA,NA,NA,NA,NA,NA,NA,NA,NA,NA,NA,NA,NA,NA,NA,NA,NA,NA,NA,NA,NA,NA,NA,NA,NA,NA,NA,NA,NA,NA,NA,NA,NA,NA,NA,NA,NA,NA,NA,NA,NA,NA,NA,NA,NA,NA,NA,NA,NA,NA,NA,NA,NA,NA,NA,NA,NA,NA,NA,NA,NA,NA,NA,NA,NA,NA,NA,NA,NA,NA,NA,NA,NA,NA,NA,NA,NA,NA,NA,NA,NA,NA,NA,NA,NA,NA,NA,NA,NA,NA,386,306.1,116.2,97.6,9.6,7.5,0.410,0.268,0.341,32.6,22.8,0.029,0.271,48.3,14.9,0.232,1.5,0.026,0.219,23323,207,379,1009,555,326,368,308,915,285,1614,376,578,169,521,481,3533,114,56,134,275,126,446,92,1072,569,416,241,138,1569,248,181,409,1128,123,129,623,221,50,97,239,71,109,3343,2301,50,5688,1715,2204,1308,29,10944,1693,1268,1204,985,1113,829,671,255,5714,13732,NA,NA,NA,NA,NA,NA,NA,NA,NA,NA,NA,NA,NA,NA,NA,NA,NA,NA
25000,MA,Massachusetts,NA,NA,NA,6902149,38903,70297,58506,11791,53013,-25755,27258,-146,248396,10.2,8.5,1.7,7.7,-3.7,4.0,454360,1150846,1105887,2037702,9.6,24.2,23.3,42.9,668402,652693,684111,10.0,9.8,10.2,166516,157639,175393,12.4,11.7,13.1,114731,106883,122579,11.6,10.8,12.4,79817,78891,80743,3805450,3678402,127048,3.3,79817 ,100.0,0.28,0.87,2.90,1.65,6.83,3.97,4.15,5.20,2.66,1.91,1.03,1.30,25.92,17.40,32.25,50.08,54.83,68.86,75.14,71.87,69.30,45.33,35.57,30.55,35.61,27.25,42.21,63.60,65.76,81.13,86.74,82.27,81.47,58.08,47.74,40.58,16.24,7.55,22.27,36.56,43.88,56.57,63.52,61.47,57.11,32.56,23.41,20.53,2808254,10554.39,2754.33,7800.06,839.4,360,NA,NA,NA,NA,NA,NA,NA,NA,NA,NA,NA,NA,NA,NA,NA,NA,NA,NA,NA,NA,NA,NA,NA,NA,NA,NA,NA,NA,NA,NA,NA,NA,NA,NA,NA,NA,NA,NA,NA,NA,NA,NA,NA,NA,NA,NA,NA,NA,NA,NA,NA,NA,NA,NA,NA,NA,NA,NA,NA,NA,NA,NA,NA,NA,NA,NA,NA,NA,NA,NA,NA,NA,NA,NA,NA,NA,NA,NA,NA,NA,NA,NA,NA,NA,NA,NA,NA,NA,NA,NA,NA,NA,NA,NA,NA,NA,NA,NA,NA,NA,NA,NA,NA,NA,NA,NA,NA,NA,NA,NA,NA,NA,NA,NA,NA,NA,NA,NA,NA,NA,NA,NA,NA,NA,NA,NA,NA,NA,NA,NA,NA,NA,NA,NA,NA,NA,NA,449.5,353.7,134.3,114.6,9.6,7.3,0.424,0.240,0.308,46,9.8,0.126,0.351,83,23.4,0.207,1.8,0.085,0.295,31025,195,563,1210,867,456,532,451,1247,431,1731,531,660,235,783,525,4997,210,127,178,408,143,670,161,1042,596,475,260,158,2044,207,174,204,1850,184,181,906,280,71,143,279,137,133,6264,2166,75,9193,1971,3163,1430,27,15784,2878,1903,1783,1735,2010,1637,1176,497,7103,20722,NA,NA,NA,NA,NA,NA,NA,NA,NA,NA,NA,NA,NA,NA,NA,NA,NA,NA
26000,MI,Michigan,NA,NA,NA,9995915,19468,110676,95614,15062,21415,-16766,4649,-243,226269,11.1,9.6,1.5,2.1,-1.7,0.5,641536,1966809,2226818,1937052,9.5,29.0,32.9,28.6,1369235,1349291,1389179,14.0,13.8,14.2,409201,398097,420305,19.3,18.8,19.8,278372,268693,288051,17.9,17.3,18.5,56640,56237,57043,4902069,4698845,203224,4.1,56640 ,100.0,1.64,2.98,2.09,1.00,2.12,0.28,0.26,0.14,0.66,0.08,0.89,1.56,34.75,30.24,39.88,50.09,51.95,64.46,72.39,72.85,61.36,45.95,42.02,33.53,44.62,39.34,50.52,62.84,64.12,79.59,88.18,89.36,76.18,61.79,55.65,41.93,24.86,21.15,29.22,37.31,39.78,49.31,56.60,56.35,46.52,30.12,28.38,25.13,4532233,96713.51,40174.61,56538.9,174.8,80.2,NA,NA,NA,NA,NA,NA,NA,NA,NA,NA,NA,NA,NA,NA,NA,NA,NA,NA,NA,NA,NA,NA,NA,NA,NA,NA,NA,NA,NA,NA,NA,NA,NA,NA,NA,NA,NA,NA,NA,NA,NA,NA,NA,NA,NA,NA,NA,NA,NA,NA,NA,NA,NA,NA,NA,NA,NA,NA,NA,NA,NA,NA,NA,NA,NA,NA,NA,NA,NA,NA,NA,NA,NA,NA,NA,NA,NA,NA,NA,NA,NA,NA,NA,NA,NA,NA,NA,NA,NA,NA,NA,NA,NA,NA,NA,NA,NA,NA,NA,NA,NA,NA,NA,NA,NA,NA,NA,NA,NA,NA,NA,NA,NA,NA,NA,NA,NA,NA,NA,NA,NA,NA,NA,NA,NA,NA,NA,NA,NA,NA,NA,NA,NA,NA,NA,NA,NA,287,249.7,97.8,87.6,7.9,6.7,0.350,0.292,0.316,52.9,49.9,0.561,0.715,69,23.6,0.268,1.4,0.495,0.434,28692,152,359,1012,624,238,396,331,1621,208,4093,379,788,172,445,267,3632,308,174,119,317,172,404,137,1291,613,516,241,169,1560,373,178,176,928,120,168,837,167,89,131,281,105,136,4420,3783,144,7415,6023,2640,2384,54,18516,1567,2099,1585,3339,1929,1095,685,239,7765,20303,NA,NA,NA,NA,NA,NA,NA,NA,NA,NA,NA,NA,NA,NA,NA,NA,NA,NA
27000,MN,Minnesota,NA,NA,NA,5611179,43024,68617,42847,25770,10718,6769,17487,-233,131278,12.3,7.7,4.6,1.9,1.2,3.1,262401,930058,1216521,1322782,7.0,24.9,32.6,35.4,527445,514989,539901,9.6,9.4,9.8,147732,140356,155108,11.5,10.9,12.1,100105,93461,106749,10.8,10.1,11.5,70295,69764,70826,3070224,2980885,89339,2.9,70295 ,100.0,5.22,2.93,1.68,5.64,4.11,5.17,3.60,4.12,1.89,5.80,3.64,5.47,19.30,22.14,28.60,43.50,52.20,62.29,70.81,66.42,58.31,48.56,32.42,25.46,28.88,31.94,39.86,53.79,61.94,74.13,82.92,78.62,70.51,57.95,40.93,33.93,9.77,12.32,17.37,33.16,42.45,50.47,58.70,54.20,46.13,39.14,23.87,16.97,2347201,86935.83,7309.09,79626.74,66.6,29.5,NA,NA,NA,NA,NA,NA,NA,NA,NA,NA,NA,NA,NA,NA,NA,NA,NA,NA,NA,NA,NA,NA,NA,NA,NA,NA,NA,NA,NA,NA,NA,NA,NA,NA,NA,NA,NA,NA,NA,NA,NA,NA,NA,NA,NA,NA,NA,NA,NA,NA,NA,NA,NA,NA,NA,NA,NA,NA,NA,NA,NA,NA,NA,NA,NA,NA,NA,NA,NA,NA,NA,NA,NA,NA,NA,NA,NA,NA,NA,NA,NA,NA,NA,NA,NA,NA,NA,NA,NA,NA,NA,NA,NA,NA,NA,NA,NA,NA,NA,NA,NA,NA,NA,NA,NA,NA,NA,NA,NA,NA,NA,NA,NA,NA,NA,NA,NA,NA,NA,NA,NA,NA,NA,NA,NA,NA,NA,NA,NA,NA,NA,NA,NA,NA,NA,NA,NA,302.7,265,104.9,96,7.4,6.6,0.372,0.172,0.279,24.2,18.1,0.297,0.543,41.9,13.4,0.175,1.7,0.070,0.520,16984,74,232,579,416,142,270,209,770,138,2991,272,416,100,324,150,1719,187,75,63,182,88,291,128,691,286,375,151,75,883,195,96,133,581,67,94,743,107,90,76,166,80,70,2880,1812,127,3215,3506,1265,778,24,8788,854,993,689,939,999,682,425,167,3635,9383,NA,NA,NA,NA,NA,NA,NA,NA,NA,NA,NA,NA,NA,NA,NA,NA,NA,NA
28000,MS,Mississippi,NA,NA,NA,2986530,-3133,36319,31356,4963,2749,-10818,-8069,-27,98060,12.2,10.5,1.7,0.9,-3.6,-2.7,316345,596564,625228,429177,16.1,30.3,31.8,21.8,571402,557711,585093,19.8,19.3,20.3,195794,189072,202516,28.2,27.2,29.2,138665,132814,144516,27.0,25.9,28.1,44740,43972,45508,1275721,1214992,60729,4.8,44740 ,100.0,4.43,3.28,3.79,4.03,6.97,5.27,6.28,3.83,1.18,5.98,1.96,5.50,31.59,34.70,39.53,54.80,62.73,70.73,78.18,74.55,69.07,58.24,41.49,36.36,40.39,43.10,49.31,65.35,72.40,81.02,88.40,84.30,80.05,67.32,51.10,44.33,22.80,26.29,29.75,44.22,53.06,60.43,67.95,64.84,58.07,49.14,31.87,28.37,1274719,48431.78,1508.5,46923.27,63.2,27.2,NA,NA,NA,NA,NA,NA,NA,NA,NA,NA,NA,NA,NA,NA,NA,NA,NA,NA,NA,NA,NA,NA,NA,NA,NA,NA,NA,NA,NA,NA,NA,NA,NA,NA,NA,NA,NA,NA,NA,NA,NA,NA,NA,NA,NA,NA,NA,NA,NA,NA,NA,NA,NA,NA,NA,NA,NA,NA,NA,NA,NA,NA,NA,NA,NA,NA,NA,NA,NA,NA,NA,NA,NA,NA,NA,NA,NA,NA,NA,NA,NA,NA,NA,NA,NA,NA,NA,NA,NA,NA,NA,NA,NA,NA,NA,NA,NA,NA,NA,NA,NA,NA,NA,NA,NA,NA,NA,NA,NA,NA,NA,NA,NA,NA,NA,NA,NA,NA,NA,NA,NA,NA,NA,NA,NA,NA,NA,NA,NA,NA,NA,NA,NA,NA,NA,NA,NA,191.3,174.8,65.9,61.2,7.1,6.7,0.272,0.154,0.337,35,21.1,1.351,0.851,26.1,10.9,0.190,0.7,0.582,0.532,5714,30,95,240,138,45,62,67,305,45,884,110,213,26,80,38,652,55,41,37,91,49,87,19,320,129,154,78,51,345,32,53,26,171,35,41,186,37,10,42,84,28,29,2086,107,99,1179,1097,525,412,3,3216,267,400,282,376,314,188,120,48,1386,3381,NA,NA,NA,NA,NA,NA,NA,NA,NA,NA,NA,NA,NA,NA,NA,NA,NA,NA
29000,MO,Missouri,NA,NA,NA,6126452,17840,72508,59825,12683,8077,-2790,5287,-130,174441,11.9,9.8,2.1,1.3,-0.5,0.9,430529,1266430,1246796,1181083,10.4,30.7,30.2,28.6,785343,769878,800808,13.2,12.9,13.5,245703,236272,255134,18.3,17.6,19.0,166723,158453,174993,17.1,16.3,17.9,54412,53683,55141,3052386,2954808,97578,3.2,54412 ,100.0,0.57,0.58,1.10,0.94,1.04,0.89,1.93,1.58,1.42,1.28,1.75,0.72,35.19,37.89,45.26,53.73,57.92,69.28,75.45,75.28,69.12,51.98,43.16,36.90,48.11,51.89,59.46,69.36,73.25,85.72,90.81,90.64,83.46,67.86,57.77,49.56,22.25,23.88,31.06,38.07,42.56,52.85,60.07,59.91,54.75,36.08,28.54,24.24,2712729,69706.99,965.47,68741.52,87.1,39.5,NA,NA,NA,NA,NA,NA,NA,NA,NA,NA,NA,NA,NA,NA,NA,NA,NA,NA,NA,NA,NA,NA,NA,NA,NA,NA,NA,NA,NA,NA,NA,NA,NA,NA,NA,NA,NA,NA,NA,NA,NA,NA,NA,NA,NA,NA,NA,NA,NA,NA,NA,NA,NA,NA,NA,NA,NA,NA,NA,NA,NA,NA,NA,NA,NA,NA,NA,NA,NA,NA,NA,NA,NA,NA,NA,NA,NA,NA,NA,NA,NA,NA,NA,NA,NA,NA,NA,NA,NA,NA,NA,NA,NA,NA,NA,NA,NA,NA,NA,NA,NA,NA,NA,NA,NA,NA,NA,NA,NA,NA,NA,NA,NA,NA,NA,NA,NA,NA,NA,NA,NA,NA,NA,NA,NA,NA,NA,NA,NA,NA,NA,NA,NA,NA,NA,NA,NA,273.1,236.3,86.6,79,7,6.3,0.342,0.209,0.302,71.3,15,0.148,0.674,49.4,15.7,0.195,0.7,0.178,0.213,16732,99,229,733,439,154,362,200,725,158,2112,277,428,112,282,168,1876,128,92,140,224,133,260,60,727,326,381,182,69,1067,152,110,86,604,82,104,528,110,54,91,178,72,70,3417,665,122,3811,2736,1739,1083,41,9410,1030,1115,1114,1092,1099,674,422,181,4138,10865,NA,NA,NA,NA,NA,NA,NA,NA,NA,NA,NA,NA,NA,NA,NA,NA,NA,NA
30000,MT,Montana,NA,NA,NA,1062305,9215,12050,9726,2324,889,5987,6876,15,28965,11.4,9.2,2.2,0.8,5.7,6.5,48608,208896,233893,222870,6.8,29.2,32.7,31.2,134185,128732,139638,12.9,12.4,13.4,36711,34369,39053,16.4,15.4,17.4,23935,21925,25945,14.8,13.6,16.0,55248,54156,56340,528244,508588,19656,3.7,55248 ,100.0,4.25,2.69,2.01,4.23,5.28,4.87,3.98,3.94,2.39,6.40,3.10,4.36,21.72,26.21,31.43,46.12,55.56,64.28,72.33,68.08,61.95,51.80,34.61,29.10,30.64,34.77,41.12,56.58,65.32,75.02,82.84,78.76,72.85,61.16,42.37,36.67,12.81,17.65,21.74,35.66,45.80,53.49,61.82,57.38,51.04,42.42,26.85,21.53,482825,147039.71,1493.91,145545.8,6.8,3.3,NA,NA,NA,NA,NA,NA,NA,NA,NA,NA,NA,NA,NA,NA,NA,NA,NA,NA,NA,NA,NA,NA,NA,NA,NA,NA,NA,NA,NA,NA,NA,NA,NA,NA,NA,NA,NA,NA,NA,NA,NA,NA,NA,NA,NA,NA,NA,NA,NA,NA,NA,NA,NA,NA,NA,NA,NA,NA,NA,NA,NA,NA,NA,NA,NA,NA,NA,NA,NA,NA,NA,NA,NA,NA,NA,NA,NA,NA,NA,NA,NA,NA,NA,NA,NA,NA,NA,NA,NA,NA,NA,NA,NA,NA,NA,NA,NA,NA,NA,NA,NA,NA,NA,NA,NA,NA,NA,NA,NA,NA,NA,NA,NA,NA,NA,NA,NA,NA,NA,NA,NA,NA,NA,NA,NA,NA,NA,NA,NA,NA,NA,NA,NA,NA,NA,NA,NA,247.1,236.2,91.5,88,9.8,9.4,0.315,0.058,0.350,NA,NA,NA,NA,7.7,7.6,0.244,NA,3.316,NA,2625,13,30,153,45,22,30,29,169,13,571,32,104,NA,37,14,263,22,11,14,17,26,35,NA,117,55,86,33,NA,106,26,20,14,81,13,20,76,18,NA,20,32,15,10,504,391,56,344,587,125,116,2,1174,104,129,146,124,110,56,31,7,445,1152,NA,NA,NA,NA,NA,NA,NA,NA,NA,NA,NA,NA,NA,NA,NA,NA,NA,NA
31000,NE,Nebraska,NA,NA,NA,1929268,11693,25899,15565,10334,4705,-3314,1391,-32,51115,13.5,8.1,5.4,2.4,-1.7,0.7,110739,326549,415959,389216,8.9,26.3,33.5,31.3,205393,198766,212020,11.0,10.6,11.4,60389,56678,64100,12.9,12.1,13.7,38488,35280,41696,11.5,10.5,12.5,59724,58713,60735,1020197,991688,28509,2.8,59724 ,100.0,4.00,5.28,3.23,5.28,2.37,6.12,4.71,5.00,2.79,5.11,3.33,4.56,41.46,47.66,48.28,60.58,71.59,73.66,78.55,76.52,74.52,64.16,46.92,45.98,51.24,58.13,59.67,72.13,83.15,83.92,89.11,86.52,85.85,74.95,57.94,56.57,31.69,37.18,36.88,49.02,60.02,63.40,67.98,66.53,63.20,53.35,35.89,35.38,796793,77347.81,523.64,76824.17,23.8,10.4,NA,NA,NA,NA,NA,NA,NA,NA,NA,NA,NA,NA,NA,NA,NA,NA,NA,NA,NA,NA,NA,NA,NA,NA,NA,NA,NA,NA,NA,NA,NA,NA,NA,NA,NA,NA,NA,NA,NA,NA,NA,NA,NA,NA,NA,NA,NA,NA,NA,NA,NA,NA,NA,NA,NA,NA,NA,NA,NA,NA,NA,NA,NA,NA,NA,NA,NA,NA,NA,NA,NA,NA,NA,NA,NA,NA,NA,NA,NA,NA,NA,NA,NA,NA,NA,NA,NA,NA,NA,NA,NA,NA,NA,NA,NA,NA,NA,NA,NA,NA,NA,NA,NA,NA,NA,NA,NA,NA,NA,NA,NA,NA,NA,NA,NA,NA,NA,NA,NA,NA,NA,NA,NA,NA,NA,NA,NA,NA,NA,NA,NA,NA,NA,NA,NA,NA,NA,239.2,214.5,88.2,80.3,6.8,6.2,0.329,0.148,0.288,61.7,28.1,0.189,0.870,42.2,17.2,0.294,0.7,0.231,0.271,4614,28,91,242,107,40,62,37,160,38,925,67,131,25,67,46,443,29,24,22,40,33,65,13,209,97,125,64,24,279,35,32,13,138,20,32,155,31,NA,19,51,22,29,1045,822,93,894,1260,441,284,3,2882,270,326,325,214,264,163,102,35,1046,2745,NA,NA,NA,NA,NA,NA,NA,NA,NA,NA,NA,NA,NA,NA,NA,NA,NA,NA
32000,NV,Nevada,NA,NA,NA,3034392,61987,36042,25041,11001,3100,47596,50696,290,37615,12.0,8.3,3.7,1.0,15.8,16.9,274163,563229,678710,485348,13.7,28.1,33.9,24.2,391347,380868,401826,13.1,12.7,13.5,124828,119343,130313,18.4,17.6,19.2,84145,79553,88737,17.1,16.2,18.0,58740,57678,59802,1500377,1431959,68418,4.6,58740 ,100.0,0.42,1.03,0.55,1.17,2.35,3.13,3.43,2.86,5.86,2.53,0.60,0.79,9.53,-2.58,20.42,41.71,49.60,64.03,69.40,65.45,58.35,37.60,25.95,15.93,18.43,6.08,30.20,52.71,61.88,76.62,81.08,77.45,68.68,46.12,34.02,24.61,0.62,-11.22,10.66,30.68,37.33,51.42,57.71,53.42,48.01,29.07,17.89,7.25,1173814,110571.82,790.65,109781.18,24.6,10.7,NA,NA,NA,NA,NA,NA,NA,NA,NA,NA,NA,NA,NA,NA,NA,NA,NA,NA,NA,NA,NA,NA,NA,NA,NA,NA,NA,NA,NA,NA,NA,NA,NA,NA,NA,NA,NA,NA,NA,NA,NA,NA,NA,NA,NA,NA,NA,NA,NA,NA,NA,NA,NA,NA,NA,NA,NA,NA,NA,NA,NA,NA,NA,NA,NA,NA,NA,NA,NA,NA,NA,NA,NA,NA,NA,NA,NA,NA,NA,NA,NA,NA,NA,NA,NA,NA,NA,NA,NA,NA,NA,NA,NA,NA,NA,NA,NA,NA,NA,NA,NA,NA,NA,NA,NA,NA,NA,NA,NA,NA,NA,NA,NA,NA,NA,NA,NA,NA,NA,NA,NA,NA,NA,NA,NA,NA,NA,NA,NA,NA,NA,NA,NA,NA,NA,NA,NA,213.5,185.8,72.3,65,5.6,5,0.291,0.273,0.296,32.6,13.2,0.353,0.732,21.4,12.4,0.262,0.6,1.559,0.416,6478,22,66,403,137,40,54,65,384,51,824,84,169,57,78,34,957,22,34,36,89,32,87,21,305,119,148,48,75,332,80,49,38,196,37,35,195,27,21,24,59,28,12,841,529,44,1411,901,424,323,6,3065,283,289,388,386,262,185,86,36,1171,3086,NA,NA,NA,NA,NA,NA,NA,NA,NA,NA,NA,NA,NA,NA,NA,NA,NA,NA
33000,NH,New Hampshire,NA,NA,NA,1356458,6691,12149,11935,214,2606,3928,6534,-57,42542,9.0,8.8,0.2,1.9,2.9,4.8,67607,263005,274078,347425,7.1,27.6,28.8,36.5,100076,95577,104575,7.6,7.3,7.9,25379,22837,27921,10.1,9.1,11.1,17007,14785,19229,9.0,7.8,10.2,75322,73932,76712,761752,742512,19240,2.5,75322 ,100.0,3.39,4.62,3.52,4.33,4.84,6.71,4.39,3.63,1.75,3.75,2.16,3.46,27.31,32.94,36.77,52.22,62.74,68.77,75.97,71.86,69.86,56.55,37.39,36.17,34.86,41.31,46.39,63.20,73.33,78.74,86.44,82.39,81.81,68.12,46.24,44.64,19.77,24.57,27.13,41.23,52.14,58.81,65.48,61.32,57.91,44.97,28.52,27.70,614754,9349.16,396.51,8952.65,147,68.7,NA,NA,NA,NA,NA,NA,NA,NA,NA,NA,NA,NA,NA,NA,NA,NA,NA,NA,NA,NA,NA,NA,NA,NA,NA,NA,NA,NA,NA,NA,NA,NA,NA,NA,NA,NA,NA,NA,NA,NA,NA,NA,NA,NA,NA,NA,NA,NA,NA,NA,NA,NA,NA,NA,NA,NA,NA,NA,NA,NA,NA,NA,NA,NA,NA,NA,NA,NA,NA,NA,NA,NA,NA,NA,NA,NA,NA,NA,NA,NA,NA,NA,NA,NA,NA,NA,NA,NA,NA,NA,NA,NA,NA,NA,NA,NA,NA,NA,NA,NA,NA,NA,NA,NA,NA,NA,NA,NA,NA,NA,NA,NA,NA,NA,NA,NA,NA,NA,NA,NA,NA,NA,NA,NA,NA,NA,NA,NA,NA,NA,NA,NA,NA,NA,NA,NA,NA,315.1,287.6,105.9,99.6,9.7,8.6,0.365,0.178,0.319,31.2,NA,0.240,0.178,30.9,6.9,0.167,1,0.097,0.105,4274,19,56,195,106,51,76,52,234,26,582,75,132,27,80,36,530,28,14,16,30,23,65,15,181,72,123,41,26,266,34,25,52,184,21,24,141,40,NA,23,64,15,33,1014,521,28,869,581,328,218,6,2002,280,245,224,234,182,149,91,31,802,2238,NA,NA,NA,NA,NA,NA,NA,NA,NA,NA,NA,NA,NA,NA,NA,NA,NA,NA
34000,NJ,New Jersey,NA,NA,NA,8908520,19977,100226,76370,23856,46660,-50591,-3931,52,182113,11.3,8.6,2.7,5.2,-5.7,-0.4,641113,1683568,1420805,2384056,10.5,27.5,23.2,38.9,831386,812117,850655,9.5,9.3,9.7,261055,249871,272239,13.5,12.9,14.1,179815,170183,189447,12.7,12.0,13.4,81777,81105,82449,4422942,4239567,183375,4.1,81777 ,100.0,2.29,1.49,2.69,4.06,11.94,5.25,1.81,5.50,3.14,5.03,2.50,1.07,38.48,40.62,47.59,60.68,67.39,75.67,80.83,82.47,79.87,57.82,46.42,43.42,48.90,50.51,58.91,73.13,77.65,86.82,92.49,93.54,90.79,70.45,59.35,55.39,28.05,30.71,36.27,48.22,57.13,64.52,69.16,71.39,68.95,45.19,33.48,31.43,3553562,8722.58,1368.36,7354.22,1195.5,483.2,NA,NA,NA,NA,NA,NA,NA,NA,NA,NA,NA,NA,NA,NA,NA,NA,NA,NA,NA,NA,NA,NA,NA,NA,NA,NA,NA,NA,NA,NA,NA,NA,NA,NA,NA,NA,NA,NA,NA,NA,NA,NA,NA,NA,NA,NA,NA,NA,NA,NA,NA,NA,NA,NA,NA,NA,NA,NA,NA,NA,NA,NA,NA,NA,NA,NA,NA,NA,NA,NA,NA,NA,NA,NA,NA,NA,NA,NA,NA,NA,NA,NA,NA,NA,NA,NA,NA,NA,NA,NA,NA,NA,NA,NA,NA,NA,NA,NA,NA,NA,NA,NA,NA,NA,NA,NA,NA,NA,NA,NA,NA,NA,NA,NA,NA,NA,NA,NA,NA,NA,NA,NA,NA,NA,NA,NA,NA,NA,NA,NA,NA,NA,NA,NA,NA,NA,NA,306.5,271,97.7,87.5,7.6,6.7,0.368,0.382,0.366,30.5,29.8,0.432,0.451,37.7,17.4,0.479,1.4,0.213,0.335,27305,183,360,1422,943,293,298,363,1010,294,2099,576,674,201,498,348,4116,79,128,201,365,124,405,84,1363,578,556,256,217,2197,463,245,118,1133,226,146,757,183,87,124,346,91,136,5517,1862,82,7070,2708,3164,1831,61,14834,1661,1471,1605,1533,1252,1232,588,325,6001,15668,NA,NA,NA,NA,NA,NA,NA,NA,NA,NA,NA,NA,NA,NA,NA,NA,NA,NA
35000,NM,New Mexico,NA,NA,NA,2095428,2033,23803,18198,5605,2342,-5851,-3509,-63,42923,11.4,8.7,2.7,1.1,-2.8,-1.7,205558,368487,442039,378196,14.7,26.4,31.7,27.1,386739,375921,397557,18.8,18.3,19.3,119378,114036,124720,25.3,24.2,26.4,83411,78764,88058,24.0,22.7,25.3,47405,46537,48273,940359,893823,46536,4.9,47405 ,100.0,4.52,7.96,2.28,5.91,2.45,0.79,0.42,0.74,3.33,2.44,1.57,5.08,37.59,30.68,38.98,47.14,54.05,59.46,64.32,66.83,57.47,45.05,42.06,36.64,44.74,37.29,49.38,56.68,65.71,72.82,77.95,80.96,68.28,56.19,51.53,42.50,30.43,24.06,28.57,37.58,42.42,46.09,50.71,52.68,46.64,33.90,32.58,30.79,901388,121590.3,292.15,121298.15,17,7.4,NA,NA,NA,NA,NA,NA,NA,NA,NA,NA,NA,NA,NA,NA,NA,NA,NA,NA,NA,NA,NA,NA,NA,NA,NA,NA,NA,NA,NA,NA,NA,NA,NA,NA,NA,NA,NA,NA,NA,NA,NA,NA,NA,NA,NA,NA,NA,NA,NA,NA,NA,NA,NA,NA,NA,NA,NA,NA,NA,NA,NA,NA,NA,NA,NA,NA,NA,NA,NA,NA,NA,NA,NA,NA,NA,NA,NA,NA,NA,NA,NA,NA,NA,NA,NA,NA,NA,NA,NA,NA,NA,NA,NA,NA,NA,NA,NA,NA,NA,NA,NA,NA,NA,NA,NA,NA,NA,NA,NA,NA,NA,NA,NA,NA,NA,NA,NA,NA,NA,NA,NA,NA,NA,NA,NA,NA,NA,NA,NA,NA,NA,NA,NA,NA,NA,NA,NA,244.8,213.8,91.1,82.1,7.7,7.3,0.384,0.193,0.385,44.2,21.5,1.870,0.710,29.1,11.1,0.215,0.7,0.144,0.380,5129,15,81,194,94,66,65,51,319,38,938,75,162,42,70,50,562,14,13,35,60,24,69,17,221,80,117,52,26,353,47,24,54,243,24,23,138,39,11,21,47,18,14,1022,532,41,979,1135,531,285,6,2936,383,259,263,390,228,143,88,46,1094,2894,NA,NA,NA,NA,NA,NA,NA,NA,NA,NA,NA,NA,NA,NA,NA,NA,NA,NA
36000,NY,New York,NA,NA,NA,19542209,-48510,227099,165728,61371,70375,-180306,-109931,50,572948,11.6,8.5,3.1,3.6,-9.2,-5.6,1839849,3556251,3322104,4888138,13.5,26.1,24.4,35.9,2603303,2569152,2637454,13.7,13.5,13.9,751694,733127,770261,18.8,18.3,19.3,511149,495576,526722,17.8,17.3,18.3,67648,67021,68275,9574706,9181058,393648,4.1,67648 ,100.0,4.30,3.39,3.10,4.58,6.61,5.83,5.61,3.67,2.06,5.67,2.46,3.71,26.31,30.42,35.09,50.96,60.93,66.20,73.63,70.06,65.52,54.13,36.92,32.80,34.40,39.09,45.25,62.16,71.49,77.25,84.55,80.97,77.30,64.68,46.05,40.51,18.23,21.74,24.93,39.76,50.37,55.14,62.71,59.14,53.74,43.57,27.76,25.09,8108103,54554.98,7428.58,47126.4,411.2,172.1,NA,NA,NA,NA,NA,NA,NA,NA,NA,NA,NA,NA,NA,NA,NA,NA,NA,NA,NA,NA,NA,NA,NA,NA,NA,NA,NA,NA,NA,NA,NA,NA,NA,NA,NA,NA,NA,NA,NA,NA,NA,NA,NA,NA,NA,NA,NA,NA,NA,NA,NA,NA,NA,NA,NA,NA,NA,NA,NA,NA,NA,NA,NA,NA,NA,NA,NA,NA,NA,NA,NA,NA,NA,NA,NA,NA,NA,NA,NA,NA,NA,NA,NA,NA,NA,NA,NA,NA,NA,NA,NA,NA,NA,NA,NA,NA,NA,NA,NA,NA,NA,NA,NA,NA,NA,NA,NA,NA,NA,NA,NA,NA,NA,NA,NA,NA,NA,NA,NA,NA,NA,NA,NA,NA,NA,NA,NA,NA,NA,NA,NA,NA,NA,NA,NA,NA,NA,375.1,304.1,112.9,94.8,10.2,7.4,0.389,0.370,0.348,58.2,15.6,0.334,0.670,88.8,33.1,0.376,1.6,0.090,0.359,73298,397,962,3363,2218,1123,1060,1047,2777,760,4707,1431,1985,653,1526,973,11103,278,299,456,973,366,1297,344,3292,1671,1148,723,437,5235,1000,594,384,4677,513,364,2184,512,118,330,801,244,335,12611,8893,166,20720,6480,8600,4720,72,40592,6759,4293,4262,4560,3999,3149,2213,902,18771,48908,NA,NA,NA,NA,NA,NA,NA,NA,NA,NA,NA,NA,NA,NA,NA,NA,NA,NA
37000,NC,North Carolina,NA,NA,NA,10383620,112820,118784,93060,25724,20035,66991,87026,70,275434,11.5,9.0,2.5,1.9,6.5,8.4,869866,1780253,2132449,2099206,12.6,25.9,31.0,30.5,1422154,1396634,1447674,14.1,13.8,14.4,457103,444178,470028,20.2,19.6,20.8,314320,303388,325252,19.0,18.3,19.7,53922,53358,54486,4981834,4787320,194514,3.9,53922 ,100.0,6.32,3.62,3.49,6.79,3.97,5.03,4.70,3.58,1.56,6.85,3.01,7.27,29.48,31.90,36.06,49.30,56.28,66.62,75.04,71.66,64.32,55.16,40.54,34.52,38.00,39.68,44.78,58.18,65.06,75.48,84.60,81.00,74.60,62.86,49.60,42.50,21.00,24.18,27.36,40.42,47.56,57.72,65.50,62.28,53.98,47.48,31.46,26.50,4327528,53819.16,5201.25,48617.91,196.1,89,NA,NA,NA,NA,NA,NA,NA,NA,NA,NA,NA,NA,NA,NA,NA,NA,NA,NA,NA,NA,NA,NA,NA,NA,NA,NA,NA,NA,NA,NA,NA,NA,NA,NA,NA,NA,NA,NA,NA,NA,NA,NA,NA,NA,NA,NA,NA,NA,NA,NA,NA,NA,NA,NA,NA,NA,NA,NA,NA,NA,NA,NA,NA,NA,NA,NA,NA,NA,NA,NA,NA,NA,NA,NA,NA,NA,NA,NA,NA,NA,NA,NA,NA,NA,NA,NA,NA,NA,NA,NA,NA,NA,NA,NA,NA,NA,NA,NA,NA,NA,NA,NA,NA,NA,NA,NA,NA,NA,NA,NA,NA,NA,NA,NA,NA,NA,NA,NA,NA,NA,NA,NA,NA,NA,NA,NA,NA,NA,NA,NA,NA,NA,NA,NA,NA,NA,NA,255,223.5,86.2,78.1,7.1,6.2,0.356,0.157,0.286,28.2,11.4,0.474,0.571,35.6,11.9,0.105,1.3,0.272,0.382,26481,135,322,970,625,304,373,362,1375,221,3484,477,741,187,515,274,3202,240,109,154,334,165,364,130,1290,533,593,321,150,1823,265,189,171,1099,147,164,801,177,92,141,334,103,127,4717,4242,112,5055,4024,2568,1691,62,13400,1576,1589,1133,1661,1310,940,606,213,5951,14979,NA,NA,NA,NA,NA,NA,NA,NA,NA,NA,NA,NA,NA,NA,NA,NA,NA,NA
38000,ND,North Dakota,NA,NA,NA,760077,4901,10869,6213,4656,2597,-2379,218,27,25084,14.3,8.2,6.1,3.4,-3.1,0.3,36794,131264,177779,144396,7.5,26.8,36.3,29.5,77959,73677,82241,10.6,10.0,11.2,19332,17588,21076,11.0,10.0,12.0,11823,10402,13244,9.6,8.4,10.8,65250,63367,67133,404299,393755,10544,2.6,65250 ,100.0,3.68,2.56,2.60,3.97,2.18,5.86,3.78,4.79,1.96,3.97,3.43,6.92,46.55,52.85,54.03,63.89,75.28,77.16,81.42,80.30,78.20,68.52,50.77,50.20,56.76,64.14,66.04,76.11,87.25,87.67,92.30,90.64,90.01,79.71,62.40,61.08,36.35,41.57,42.00,51.67,63.30,66.64,70.52,69.95,66.38,57.32,39.12,39.31,317498,70698.32,1697.52,69000.8,9.7,4.6,NA,NA,NA,NA,NA,NA,NA,NA,NA,NA,NA,NA,NA,NA,NA,NA,NA,NA,NA,NA,NA,NA,NA,NA,NA,NA,NA,NA,NA,NA,NA,NA,NA,NA,NA,NA,NA,NA,NA,NA,NA,NA,NA,NA,NA,NA,NA,NA,NA,NA,NA,NA,NA,NA,NA,NA,NA,NA,NA,NA,NA,NA,NA,NA,NA,NA,NA,NA,NA,NA,NA,NA,NA,NA,NA,NA,NA,NA,NA,NA,NA,NA,NA,NA,NA,NA,NA,NA,NA,NA,NA,NA,NA,NA,NA,NA,NA,NA,NA,NA,NA,NA,NA,NA,NA,NA,NA,NA,NA,NA,NA,NA,NA,NA,NA,NA,NA,NA,NA,NA,NA,NA,NA,NA,NA,NA,NA,NA,NA,NA,NA,NA,NA,NA,NA,NA,NA,237.6,217.1,87,79.6,10.5,9.7,0.303,0.261,0.285,40.8,40.8,0.250,0.906,19.9,11.7,0.464,0.5,0.348,0.337,1806,NA,35,76,30,21,23,20,87,10,396,21,80,NA,34,14,171,NA,13,16,24,21,19,NA,73,32,49,14,NA,83,14,13,NA,65,NA,12,62,12,NA,11,20,11,NA,457,227,39,351,587,110,60,4,1112,134,149,74,66,104,35,31,14,296,903,NA,NA,NA,NA,NA,NA,NA,NA,NA,NA,NA,NA,NA,NA,NA,NA,NA,NA
39000,OH,Ohio,NA,NA,NA,11689442,25313,134734,117359,17375,20514,-12146,8368,-430,315594,11.5,10.1,1.5,1.8,-1.0,0.7,786160,2639478,2305877,2205570,9.9,33.3,29.1,27.8,1568586,1542309,1594863,13.8,13.6,14.0,489053,474343,503763,19.2,18.6,19.8,329764,317103,342425,17.8,17.1,18.5,56155,55735,56575,5754931,5491585,263346,4.6,56155 ,100.0,0.52,1.08,2.04,2.97,5.86,2.63,5.64,4.00,4.48,2.27,0.95,1.15,16.56,6.35,25.27,44.54,51.24,67.03,72.68,68.35,63.76,41.22,31.05,22.70,25.84,15.06,34.44,55.69,61.46,79.20,83.76,78.86,74.97,51.18,40.93,30.91,7.29,-2.38,16.10,33.37,41.02,54.83,61.59,57.83,52.54,31.25,21.17,14.50,5127508,44825.58,3964.89,40860.69,282.3,125.5,NA,NA,NA,NA,NA,NA,NA,NA,NA,NA,NA,NA,NA,NA,NA,NA,NA,NA,NA,NA,NA,NA,NA,NA,NA,NA,NA,NA,NA,NA,NA,NA,NA,NA,NA,NA,NA,NA,NA,NA,NA,NA,NA,NA,NA,NA,NA,NA,NA,NA,NA,NA,NA,NA,NA,NA,NA,NA,NA,NA,NA,NA,NA,NA,NA,NA,NA,NA,NA,NA,NA,NA,NA,NA,NA,NA,NA,NA,NA,NA,NA,NA,NA,NA,NA,NA,NA,NA,NA,NA,NA,NA,NA,NA,NA,NA,NA,NA,NA,NA,NA,NA,NA,NA,NA,NA,NA,NA,NA,NA,NA,NA,NA,NA,NA,NA,NA,NA,NA,NA,NA,NA,NA,NA,NA,NA,NA,NA,NA,NA,NA,NA,NA,NA,NA,NA,NA,292.7,248.6,93.7,83.7,8.3,7.1,0.349,0.251,0.289,46.3,37.8,0.228,0.745,58.5,20.2,0.223,1.3,0.259,0.402,34217,159,471,1414,832,300,528,385,1681,265,4231,509,976,190,570,316,4152,263,147,236,384,226,487,124,1459,647,697,330,221,2085,340,215,220,1142,179,214,1002,224,162,205,365,119,172,6039,2236,194,7906,5406,3993,2192,94,19591,1770,2444,1987,2878,1942,1484,878,303,9096,22782,NA,NA,NA,NA,NA,NA,NA,NA,NA,NA,NA,NA,NA,NA,NA,NA,NA,NA
40000,OK,Oklahoma,NA,NA,NA,3943079,10439,50778,40050,10728,4272,-4474,-202,-87,110099,12.9,10.2,2.7,1.1,-1.1,-0.1,313788,806407,805736,648070,12.2,31.3,31.3,25.2,593936,581499,606373,15.5,15.2,15.8,200399,193606,207192,21.4,20.7,22.1,135073,129168,140978,19.9,19.0,20.8,51914,51468,52360,1841872,1779370,62502,3.4,51914 ,100.0,5.77,12.08,4.24,5.73,3.71,6.50,6.07,3.94,0.52,7.08,4.75,6.18,39.19,46.57,46.81,59.14,69.90,73.13,77.48,76.66,76.18,61.60,44.10,44.96,47.68,55.97,58.07,71.61,81.11,83.44,87.53,87.51,89.58,73.75,55.98,54.98,30.68,37.15,35.55,46.66,58.69,62.82,67.41,65.80,62.76,49.45,32.21,34.95,1664378,69898.87,1303.95,68594.92,54.7,24.3,NA,NA,NA,NA,NA,NA,NA,NA,NA,NA,NA,NA,NA,NA,NA,NA,NA,NA,NA,NA,NA,NA,NA,NA,NA,NA,NA,NA,NA,NA,NA,NA,NA,NA,NA,NA,NA,NA,NA,NA,NA,NA,NA,NA,NA,NA,NA,NA,NA,NA,NA,NA,NA,NA,NA,NA,NA,NA,NA,NA,NA,NA,NA,NA,NA,NA,NA,NA,NA,NA,NA,NA,NA,NA,NA,NA,NA,NA,NA,NA,NA,NA,NA,NA,NA,NA,NA,NA,NA,NA,NA,NA,NA,NA,NA,NA,NA,NA,NA,NA,NA,NA,NA,NA,NA,NA,NA,NA,NA,NA,NA,NA,NA,NA,NA,NA,NA,NA,NA,NA,NA,NA,NA,NA,NA,NA,NA,NA,NA,NA,NA,NA,NA,NA,NA,NA,NA,206.7,189.1,73.9,68.5,6.2,5.8,0.299,0.183,0.338,29,29,0.131,0.822,29.1,12,0.180,1.2,0.529,0.482,8151,25,93,425,181,63,92,82,342,55,1590,122,244,31,115,43,756,68,61,53,92,69,108,23,356,159,199,82,52,467,53,42,55,317,41,44,261,47,30,40,102,32,19,1131,1288,125,1319,2260,704,514,13,4810,435,448,526,582,417,232,145,46,1831,4662,NA,NA,NA,NA,NA,NA,NA,NA,NA,NA,NA,NA,NA,NA,NA,NA,NA,NA
41000,OR,Oregon,NA,NA,NA,4190713,44121,45166,36052,9114,8177,26819,34996,11,88353,10.8,8.6,2.2,2.0,6.4,8.4,274182,656365,982329,937817,9.6,23.0,34.5,32.9,516014,501947,530081,12.5,12.2,12.8,134073,126558,141588,15.7,14.8,16.6,88779,82439,95119,14.3,13.3,15.3,63168,62169,64167,2104516,2017155,87361,4.2,63168 ,100.0,1.79,1.14,1.37,4.10,6.00,4.64,1.34,1.54,2.52,3.10,1.51,0.95,47.00,51.59,55.33,64.81,72.51,78.95,82.70,85.84,81.81,65.07,52.92,50.60,58.31,62.49,66.48,77.41,82.47,90.28,94.33,97.94,93.40,77.97,65.53,64.07,35.67,40.68,44.17,52.21,62.54,67.61,71.07,73.73,70.22,52.16,40.31,37.12,1675562,98378.54,2390.53,95988.01,39.9,17.5,NA,NA,NA,NA,NA,NA,NA,NA,NA,NA,NA,NA,NA,NA,NA,NA,NA,NA,NA,NA,NA,NA,NA,NA,NA,NA,NA,NA,NA,NA,NA,NA,NA,NA,NA,NA,NA,NA,NA,NA,NA,NA,NA,NA,NA,NA,NA,NA,NA,NA,NA,NA,NA,NA,NA,NA,NA,NA,NA,NA,NA,NA,NA,NA,NA,NA,NA,NA,NA,NA,NA,NA,NA,NA,NA,NA,NA,NA,NA,NA,NA,NA,NA,NA,NA,NA,NA,NA,NA,NA,NA,NA,NA,NA,NA,NA,NA,NA,NA,NA,NA,NA,NA,NA,NA,NA,NA,NA,NA,NA,NA,NA,NA,NA,NA,NA,NA,NA,NA,NA,NA,NA,NA,NA,NA,NA,NA,NA,NA,NA,NA,NA,NA,NA,NA,NA,NA,303.4,271.5,109.4,101,9.2,8.3,0.393,0.115,0.291,15.6,15.6,0.237,0.554,24.2,9.9,0.068,1.7,0.268,0.449,12714,34,138,653,200,122,172,158,778,87,1966,183,387,79,192,83,1756,47,40,58,118,86,193,46,593,284,273,140,58,731,104,80,110,535,44,77,345,75,31,55,130,48,52,2101,1158,61,2569,1978,811,613,16,5987,653,717,688,726,515,275,208,84,2296,6162,NA,NA,NA,NA,NA,NA,NA,NA,NA,NA,NA,NA,NA,NA,NA,NA,NA,NA
42000,PA,Pennsylvania,NA,NA,NA,12807060,16613,135905,133562,2343,35377,-20463,14914,-644,421994,10.6,10.4,0.2,2.8,-1.6,1.2,874018,3133655,2168373,2745317,9.8,35.1,24.3,30.8,1517936,1494550,1541322,12.2,12.0,12.4,433329,420626,446032,16.7,16.2,17.2,302127,291143,313111,15.9,15.3,16.5,60891,60577,61205,6424421,6148635,275786,4.3,60891 ,100.0,1.97,2.72,3.17,2.23,3.43,0.56,0.62,0.42,1.23,0.44,2.06,1.82,26.06,25.93,36.32,46.71,48.94,61.54,71.34,70.71,61.13,41.30,37.37,27.73,35.45,35.49,46.32,58.36,60.46,75.71,86.01,85.88,75.03,55.77,49.44,36.23,16.67,16.39,26.32,35.06,37.43,47.34,56.64,55.53,47.21,26.80,25.30,19.25,5567315,46054.34,1311.64,44742.7,283.9,124.4,NA,NA,NA,NA,NA,NA,NA,NA,NA,NA,NA,NA,NA,NA,NA,NA,NA,NA,NA,NA,NA,NA,NA,NA,NA,NA,NA,NA,NA,NA,NA,NA,NA,NA,NA,NA,NA,NA,NA,NA,NA,NA,NA,NA,NA,NA,NA,NA,NA,NA,NA,NA,NA,NA,NA,NA,NA,NA,NA,NA,NA,NA,NA,NA,NA,NA,NA,NA,NA,NA,NA,NA,NA,NA,NA,NA,NA,NA,NA,NA,NA,NA,NA,NA,NA,NA,NA,NA,NA,NA,NA,NA,NA,NA,NA,NA,NA,NA,NA,NA,NA,NA,NA,NA,NA,NA,NA,NA,NA,NA,NA,NA,NA,NA,NA,NA,NA,NA,NA,NA,NA,NA,NA,NA,NA,NA,NA,NA,NA,NA,NA,NA,NA,NA,NA,NA,NA,320.5,273.3,100.8,88.2,8.7,7.2,0.356,0.235,0.333,64,NA,0.178,0.630,69.7,25.1,0.223,1.2,0.221,0.313,41041,194,576,1738,1223,442,644,529,1832,392,5003,755,1112,287,832,456,5172,140,170,271,548,269,641,166,1690,875,758,389,241,2273,510,261,218,1697,273,270,1329,330,150,248,416,162,188,7003,5669,199,10376,7204,3896,2666,160,24302,2641,2998,2306,3163,2551,1923,1204,429,9552,26767,NA,NA,NA,NA,NA,NA,NA,NA,NA,NA,NA,NA,NA,NA,NA,NA,NA,NA
44000,RI,Rhode Island,NA,NA,NA,1057315,829,10575,9830,745,2755,-2639,116,-32,41231,10.0,9.3,0.7,2.6,-2.5,0.1,87994,207007,194223,243964,12.0,28.2,26.5,33.3,130538,124551,136525,12.8,12.2,13.4,36239,33846,38632,18.0,16.8,19.2,24495,22432,26558,16.7,15.3,18.1,63787,62087,65487,555807,533171,22636,4.1,63787 ,100.0,3.48,5.04,3.35,4.08,3.63,5.69,4.58,3.55,0.99,5.52,2.42,3.32,36.65,41.93,44.18,58.62,69.29,71.76,77.69,75.25,72.92,61.09,43.61,41.81,45.67,51.78,55.22,70.40,80.53,82.11,88.46,85.92,84.71,71.64,54.32,51.73,27.62,32.08,33.14,46.83,58.03,61.40,66.91,64.58,61.12,50.54,32.88,31.89,463388,1544.89,511.07,1033.81,1018.1,448.2,NA,NA,NA,NA,NA,NA,NA,NA,NA,NA,NA,NA,NA,NA,NA,NA,NA,NA,NA,NA,NA,NA,NA,NA,NA,NA,NA,NA,NA,NA,NA,NA,NA,NA,NA,NA,NA,NA,NA,NA,NA,NA,NA,NA,NA,NA,NA,NA,NA,NA,NA,NA,NA,NA,NA,NA,NA,NA,NA,NA,NA,NA,NA,NA,NA,NA,NA,NA,NA,NA,NA,NA,NA,NA,NA,NA,NA,NA,NA,NA,NA,NA,NA,NA,NA,NA,NA,NA,NA,NA,NA,NA,NA,NA,NA,NA,NA,NA,NA,NA,NA,NA,NA,NA,NA,NA,NA,NA,NA,NA,NA,NA,NA,NA,NA,NA,NA,NA,NA,NA,NA,NA,NA,NA,NA,NA,NA,NA,NA,NA,NA,NA,NA,NA,NA,NA,NA,370,325.3,117.5,106.6,10.1,8.6,0.411,0.241,0.301,57.2,NA,0.420,0.234,79.4,29.1,0.144,1.5,0.102,0.126,3912,10,59,117,105,76,52,67,187,35,305,71,107,38,73,63,615,20,19,20,51,21,68,11,189,66,76,28,15,260,16,19,21,229,29,16,110,31,11,10,40,24,17,653,305,11,1308,283,535,275,6,2407,267,290,129,396,217,174,156,55,897,2581,NA,NA,NA,NA,NA,NA,NA,NA,NA,NA,NA,NA,NA,NA,NA,NA,NA,NA
45000,SC,South Carolina,NA,NA,NA,5084127,62908,56238,49776,6462,5490,50775,56265,181,135823,11.1,9.9,1.3,1.1,10.0,11.1,435770,998459,1022950,927823,12.9,29.5,30.2,27.4,750582,733961,767203,15.2,14.9,15.5,241192,232102,250282,22.1,21.3,22.9,170543,162381,178705,21.3,20.3,22.3,52449,51828,53070,2323209,2243656,79553,3.4,52449 ,100.0,4.71,4.39,1.47,3.79,1.71,1.07,0.94,0.92,3.78,4.00,1.96,6.01,35.97,27.47,37.85,47.12,56.01,59.81,64.04,66.49,57.75,43.87,39.12,35.34,41.81,33.96,48.24,56.46,67.28,71.62,75.92,78.91,67.05,53.35,46.85,39.85,30.13,20.95,27.46,37.78,44.72,47.97,52.15,54.06,48.44,34.37,31.37,30.84,2137683,32020.49,1959.79,30060.7,153.9,71.1,NA,NA,NA,NA,NA,NA,NA,NA,NA,NA,NA,NA,NA,NA,NA,NA,NA,NA,NA,NA,NA,NA,NA,NA,NA,NA,NA,NA,NA,NA,NA,NA,NA,NA,NA,NA,NA,NA,NA,NA,NA,NA,NA,NA,NA,NA,NA,NA,NA,NA,NA,NA,NA,NA,NA,NA,NA,NA,NA,NA,NA,NA,NA,NA,NA,NA,NA,NA,NA,NA,NA,NA,NA,NA,NA,NA,NA,NA,NA,NA,NA,NA,NA,NA,NA,NA,NA,NA,NA,NA,NA,NA,NA,NA,NA,NA,NA,NA,NA,NA,NA,NA,NA,NA,NA,NA,NA,NA,NA,NA,NA,NA,NA,NA,NA,NA,NA,NA,NA,NA,NA,NA,NA,NA,NA,NA,NA,NA,NA,NA,NA,NA,NA,NA,NA,NA,NA,229.5,205,80.1,72.3,7,6.2,0.313,0.152,0.312,43.3,30.7,1.236,0.906,29.7,11,0.102,0.6,0.342,0.467,11666,57,148,504,255,131,126,139,720,83,1874,197,354,65,155,93,1264,83,66,66,153,72,154,42,599,251,280,141,57,783,90,90,80,440,69,62,321,84,49,68,143,49,51,2121,1049,69,2137,2341,1122,776,19,6395,739,804,578,728,574,343,198,78,2410,6452,NA,NA,NA,NA,NA,NA,NA,NA,NA,NA,NA,NA,NA,NA,NA,NA,NA,NA
46000,SD,South Dakota,NA,NA,NA,882235,8949,11943,7293,4650,3659,638,4297,2,34043,13.6,8.3,5.3,4.2,0.7,4.9,46944,173262,185400,161477,8.3,30.6,32.7,28.5,109814,105334,114294,12.9,12.4,13.4,34211,32170,36252,16.1,15.1,17.1,22250,20615,23885,14.8,13.7,15.9,57041,55711,58371,459459,445599,13860,3.0,57041 ,100.0,3.78,5.40,2.60,3.76,5.41,5.13,4.65,3.80,0.79,5.19,2.57,4.90,32.12,38.39,40.15,55.13,65.63,68.08,74.80,71.96,70.35,58.02,39.51,38.51,39.95,48.29,51.28,67.84,77.16,78.89,85.87,83.73,84.00,70.33,50.74,48.06,24.30,28.48,29.02,42.41,54.09,57.27,63.71,60.18,56.71,45.71,28.28,28.95,363438,77115.68,1304.68,75811,10.7,4.8,NA,NA,NA,NA,NA,NA,NA,NA,NA,NA,NA,NA,NA,NA,NA,NA,NA,NA,NA,NA,NA,NA,NA,NA,NA,NA,NA,NA,NA,NA,NA,NA,NA,NA,NA,NA,NA,NA,NA,NA,NA,NA,NA,NA,NA,NA,NA,NA,NA,NA,NA,NA,NA,NA,NA,NA,NA,NA,NA,NA,NA,NA,NA,NA,NA,NA,NA,NA,NA,NA,NA,NA,NA,NA,NA,NA,NA,NA,NA,NA,NA,NA,NA,NA,NA,NA,NA,NA,NA,NA,NA,NA,NA,NA,NA,NA,NA,NA,NA,NA,NA,NA,NA,NA,NA,NA,NA,NA,NA,NA,NA,NA,NA,NA,NA,NA,NA,NA,NA,NA,NA,NA,NA,NA,NA,NA,NA,NA,NA,NA,NA,NA,NA,NA,NA,NA,NA,240.4,219.1,92.8,84.8,9.2,8.6,0.318,0.160,0.299,31.3,31.3,0.314,0.851,17.1,10.1,0.252,0.6,0.557,0.415,2121,NA,40,83,36,18,22,32,83,NA,460,27,81,14,26,18,245,NA,NA,15,26,18,30,NA,95,37,66,28,11,90,20,16,14,76,NA,14,71,11,NA,10,25,NA,NA,473,404,57,339,541,121,80,2,1083,103,123,68,58,102,53,32,9,410,958,NA,NA,NA,NA,NA,NA,NA,NA,NA,NA,NA,NA,NA,NA,NA,NA,NA,NA
47000,TN,Tennessee,NA,NA,NA,6770010,61216,79474,67259,12215,8994,39952,48946,55,156592,11.8,10.0,1.8,1.3,5.9,7.3,590270,1467848,1266537,1206051,13.0,32.4,28.0,26.6,1003055,982886,1023224,15.2,14.9,15.5,322616,311705,333527,21.8,21.1,22.5,215957,206366,225548,20.0,19.1,20.9,52366,51884,52848,3244921,3131660,113261,3.5,52366 ,100.0,1.55,3.07,1.36,3.69,5.56,3.97,5.26,3.62,7.05,5.08,2.08,2.55,13.81,14.32,26.30,42.88,52.08,63.79,71.70,66.05,62.52,45.47,28.72,24.49,21.95,24.08,37.35,53.15,62.45,75.17,82.38,76.95,71.38,54.05,34.94,32.19,5.70,4.56,15.27,32.57,41.68,52.39,61.01,55.16,53.65,36.87,22.50,16.80,2812133,42144.25,909.36,41234.9,153.9,68.2,NA,NA,NA,NA,NA,NA,NA,NA,NA,NA,NA,NA,NA,NA,NA,NA,NA,NA,NA,NA,NA,NA,NA,NA,NA,NA,NA,NA,NA,NA,NA,NA,NA,NA,NA,NA,NA,NA,NA,NA,NA,NA,NA,NA,NA,NA,NA,NA,NA,NA,NA,NA,NA,NA,NA,NA,NA,NA,NA,NA,NA,NA,NA,NA,NA,NA,NA,NA,NA,NA,NA,NA,NA,NA,NA,NA,NA,NA,NA,NA,NA,NA,NA,NA,NA,NA,NA,NA,NA,NA,NA,NA,NA,NA,NA,NA,NA,NA,NA,NA,NA,NA,NA,NA,NA,NA,NA,NA,NA,NA,NA,NA,NA,NA,NA,NA,NA,NA,NA,NA,NA,NA,NA,NA,NA,NA,NA,NA,NA,NA,NA,NA,NA,NA,NA,NA,NA,253.1,225.8,85.1,77.8,8.1,7.4,0.303,0.174,0.333,42.4,14.8,0.367,0.697,38.4,13.2,0.177,0.9,0.211,0.341,17133,100,319,729,450,105,261,188,690,132,2161,285,548,43,294,169,2256,211,96,110,218,119,258,89,855,342,425,185,82,1084,122,135,107,567,122,99,581,109,48,101,213,77,87,5748,1192,115,3587,2486,1729,1064,10,8876,798,1173,853,832,995,649,442,145,4216,10103,NA,NA,NA,NA,NA,NA,NA,NA,NA,NA,NA,NA,NA,NA,NA,NA,NA,NA
48000,TX,Texas,NA,NA,NA,28701845,379128,391451,200500,190951,104976,82569,187545,632,600251,13.7,7.0,6.7,3.7,2.9,6.6,2993432,4448881,5153577,5219469,16.8,25.0,28.9,29.3,4181623,4132580,4230666,14.9,14.7,15.1,1543228,1511665,1574791,21.1,20.7,21.5,1070901,1043460,1098342,20.2,19.7,20.7,60632,60354,60910,13848080,13314203,533877,3.9,60632 ,100.0,0.81,1.24,1.28,1.87,4.03,1.78,1.60,1.20,1.94,1.19,1.05,0.75,23.11,16.77,27.58,41.75,44.90,57.69,66.51,65.50,57.43,34.82,30.52,24.07,33.87,27.48,39.57,53.61,56.10,71.67,81.30,81.01,71.53,48.10,42.11,33.91,12.34,6.04,15.60,29.86,33.69,43.71,51.72,50.00,43.31,21.53,18.94,14.24,9977436,268596.46,7364.75,261231.71,96.3,38.2,NA,NA,NA,NA,NA,NA,NA,NA,NA,NA,NA,NA,NA,NA,NA,NA,NA,NA,NA,NA,NA,NA,NA,NA,NA,NA,NA,NA,NA,NA,NA,NA,NA,NA,NA,NA,NA,NA,NA,NA,NA,NA,NA,NA,NA,NA,NA,NA,NA,NA,NA,NA,NA,NA,NA,NA,NA,NA,NA,NA,NA,NA,NA,NA,NA,NA,NA,NA,NA,NA,NA,NA,NA,NA,NA,NA,NA,NA,NA,NA,NA,NA,NA,NA,NA,NA,NA,NA,NA,NA,NA,NA,NA,NA,NA,NA,NA,NA,NA,NA,NA,NA,NA,NA,NA,NA,NA,NA,NA,NA,NA,NA,NA,NA,NA,NA,NA,NA,NA,NA,NA,NA,NA,NA,NA,NA,NA,NA,NA,NA,NA,NA,NA,NA,NA,NA,NA,224.8,199.9,72.9,66.5,6.2,5.4,0.352,0.259,0.279,28.3,24.3,0.552,0.849,29.9,10.1,0.208,1.1,0.231,0.597,64533,383,932,3512,1410,647,816,857,3334,504,8646,1046,1785,381,1121,552,7096,310,374,505,955,426,842,322,3308,1265,1309,722,490,4438,646,637,429,2064,251,353,1952,382,188,336,698,299,221,9900,5843,523,10860,9612,6169,3953,110,30704,3026,3477,3788,3259,3128,2041,1411,467,13301,33898,NA,NA,NA,NA,NA,NA,NA,NA,NA,NA,NA,NA,NA,NA,NA,NA,NA,NA
49000,UT,Utah,NA,NA,NA,3161105,57987,50124,17156,32968,8967,16052,25019,0,48109,16.0,5.5,10.5,2.9,5.1,8.0,143360,407324,638721,592660,8.0,22.9,35.8,33.3,283562,272328,294796,9.1,8.7,9.5,89015,82557,95473,9.7,9.0,10.4,59921,54228,65614,9.0,8.1,9.9,71381,70662,72100,1572136,1523158,48978,3.1,71381 ,100.0,NA,NA,NA,NA,NA,NA,NA,NA,NA,NA,NA,NA,NA,NA,NA,NA,NA,NA,NA,NA,NA,NA,NA,NA,NA,NA,NA,NA,NA,NA,NA,NA,NA,NA,NA,NA,NA,NA,NA,NA,NA,NA,NA,NA,NA,NA,NA,NA,979709,84896.88,2727.26,82169.62,33.6,11.9,NA,NA,NA,NA,NA,NA,NA,NA,NA,NA,NA,NA,NA,NA,NA,NA,NA,NA,NA,NA,NA,NA,NA,NA,NA,NA,NA,NA,NA,NA,NA,NA,NA,NA,NA,NA,NA,NA,NA,NA,NA,NA,NA,NA,NA,NA,NA,NA,NA,NA,NA,NA,NA,NA,NA,NA,NA,NA,NA,NA,NA,NA,NA,NA,NA,NA,NA,NA,NA,NA,NA,NA,NA,NA,NA,NA,NA,NA,NA,NA,NA,NA,NA,NA,NA,NA,NA,NA,NA,NA,NA,NA,NA,NA,NA,NA,NA,NA,NA,NA,NA,NA,NA,NA,NA,NA,NA,NA,NA,NA,NA,NA,NA,NA,NA,NA,NA,NA,NA,NA,NA,NA,NA,NA,NA,NA,NA,NA,NA,NA,NA,NA,NA,NA,NA,NA,NA,216.2,199.9,65.3,62.2,5.8,5.4,0.246,0.093,0.265,16.6,16.6,0.215,0.435,26,8.8,0.061,1.6,0.202,0.438,6833,34,100,439,108,61,85,116,427,35,997,104,182,26,91,50,515,45,34,58,57,48,94,38,339,176,183,91,53,482,108,72,51,211,45,36,190,37,48,33,71,21,17,1207,798,54,971,1052,669,369,4,3065,304,316,439,426,311,174,106,33,1587,3696,NA,NA,NA,NA,NA,NA,NA,NA,NA,NA,NA,NA,NA,NA,NA,NA,NA,NA
50000,VT,Vermont,NA,NA,NA,626299,1774,5599,5587,12,1850,-62,1788,-26,25709,9.0,8.9,0.0,3.0,-0.1,2.9,32707,128172,114710,164106,7.4,29.2,26.1,37.3,64431,60844,68018,10.7,10.1,11.3,13791,12515,15067,12.2,11.1,13.3,9359,8198,10520,11.3,9.9,12.7,60917,59541,62293,346061,336838,9223,2.7,60917 ,100.0,6.22,2.90,4.97,4.60,3.30,3.11,3.43,4.60,8.46,8.64,10.39,7.48,17.35,20.18,30.49,32.62,44.03,52.44,56.42,52.96,46.26,34.53,27.60,18.42,23.09,27.34,37.72,40.37,51.57,60.47,63.94,60.71,52.79,40.01,32.10,23.66,11.58,13.04,23.24,24.87,36.48,44.42,48.88,45.20,39.72,29.03,23.10,13.18,322539,9616.36,399.71,9216.66,67.9,35,NA,NA,NA,NA,NA,NA,NA,NA,NA,NA,NA,NA,NA,NA,NA,NA,NA,NA,NA,NA,NA,NA,NA,NA,NA,NA,NA,NA,NA,NA,NA,NA,NA,NA,NA,NA,NA,NA,NA,NA,NA,NA,NA,NA,NA,NA,NA,NA,NA,NA,NA,NA,NA,NA,NA,NA,NA,NA,NA,NA,NA,NA,NA,NA,NA,NA,NA,NA,NA,NA,NA,NA,NA,NA,NA,NA,NA,NA,NA,NA,NA,NA,NA,NA,NA,NA,NA,NA,NA,NA,NA,NA,NA,NA,NA,NA,NA,NA,NA,NA,NA,NA,NA,NA,NA,NA,NA,NA,NA,NA,NA,NA,NA,NA,NA,NA,NA,NA,NA,NA,NA,NA,NA,NA,NA,NA,NA,NA,NA,NA,NA,NA,NA,NA,NA,NA,NA,367.1,322.7,130.3,121.5,11.7,9.9,0.417,0.107,0.357,76.3,76.3,NA,0.509,50.9,14.5,0.132,0.7,0.204,0.136,2299,NA,47,85,37,31,38,30,123,18,357,25,73,15,41,20,276,11,NA,12,23,12,40,NA,104,39,47,21,15,156,16,NA,19,141,12,11,67,14,NA,NA,21,NA,NA,384,247,14,417,373,215,122,1,1128,192,137,113,90,108,64,39,14,453,1210,NA,NA,NA,NA,NA,NA,NA,NA,NA,NA,NA,NA,NA,NA,NA,NA,NA,NA
51000,VA,Virginia,NA,NA,NA,8517685,52478,99570,68820,30750,31641,-9831,21810,-82,244557,11.7,8.1,3.6,3.7,-1.2,2.6,612820,1381080,1549589,2186863,10.7,24.1,27.0,38.2,884898,865159,904637,10.7,10.5,10.9,253481,242464,264498,13.8,13.2,14.4,169939,160497,179381,12.8,12.1,13.5,72600,71931,73269,4331380,4202801,128579,3.0,72600 ,100.0,NA,NA,NA,NA,NA,NA,NA,NA,NA,NA,NA,NA,NA,NA,NA,NA,NA,NA,NA,NA,NA,NA,NA,NA,NA,NA,NA,NA,NA,NA,NA,NA,NA,NA,NA,NA,NA,NA,NA,NA,NA,NA,NA,NA,NA,NA,NA,NA,3364939,42774.93,3284.84,39490.09,202.6,85.2,NA,NA,NA,NA,NA,NA,NA,NA,NA,NA,NA,NA,NA,NA,NA,NA,NA,NA,NA,NA,NA,NA,NA,NA,NA,NA,NA,NA,NA,NA,NA,NA,NA,NA,NA,NA,NA,NA,NA,NA,NA,NA,NA,NA,NA,NA,NA,NA,NA,NA,NA,NA,NA,NA,NA,NA,NA,NA,NA,NA,NA,NA,NA,NA,NA,NA,NA,NA,NA,NA,NA,NA,NA,NA,NA,NA,NA,NA,NA,NA,NA,NA,NA,NA,NA,NA,NA,NA,NA,NA,NA,NA,NA,NA,NA,NA,NA,NA,NA,NA,NA,NA,NA,NA,NA,NA,NA,NA,NA,NA,NA,NA,NA,NA,NA,NA,NA,NA,NA,NA,NA,NA,NA,NA,NA,NA,NA,NA,NA,NA,NA,NA,NA,NA,NA,NA,NA,263.2,231.8,90.3,81.7,7.3,6.3,0.377,0.220,0.311,43.2,25.3,0.464,0.465,28.8,11.2,0.184,0.7,0.157,0.314,22419,147,258,975,477,244,292,318,1158,209,3014,363,623,136,310,196,2815,97,102,154,250,132,338,85,1101,451,461,244,93,1619,228,189,229,1001,117,99,686,137,55,94,247,95,96,4478,2102,96,4248,3729,2198,1347,33,11555,1303,1167,1058,1334,1160,680,362,197,4491,11752,NA,NA,NA,NA,NA,NA,NA,NA,NA,NA,NA,NA,NA,NA,NA,NA,NA,NA
53000,WA,Washington,NA,NA,NA,7535591,110159,90495,57568,32927,30557,46549,77106,126,143185,12.1,7.7,4.4,4.1,6.2,10.3,444721,1109016,1684945,1763261,8.9,22.2,33.7,35.3,761941,745531,778351,10.3,10.1,10.5,205912,195966,215858,12.6,12.0,13.2,137938,129324,146552,11.7,11.0,12.4,74023,73343,74703,3793095,3622299,170796,4.5,74023 ,100.0,NA,NA,NA,NA,NA,NA,NA,NA,NA,NA,NA,NA,NA,NA,NA,NA,NA,NA,NA,NA,NA,NA,NA,NA,NA,NA,NA,NA,NA,NA,NA,NA,NA,NA,NA,NA,NA,NA,NA,NA,NA,NA,NA,NA,NA,NA,NA,NA,2885677,71297.95,4842.43,66455.52,101.2,43.4,NA,NA,NA,NA,NA,NA,NA,NA,NA,NA,NA,NA,NA,NA,NA,NA,NA,NA,NA,NA,NA,NA,NA,NA,NA,NA,NA,NA,NA,NA,NA,NA,NA,NA,NA,NA,NA,NA,NA,NA,NA,NA,NA,NA,NA,NA,NA,NA,NA,NA,NA,NA,NA,NA,NA,NA,NA,NA,NA,NA,NA,NA,NA,NA,NA,NA,NA,NA,NA,NA,NA,NA,NA,NA,NA,NA,NA,NA,NA,NA,NA,NA,NA,NA,NA,NA,NA,NA,NA,NA,NA,NA,NA,NA,NA,NA,NA,NA,NA,NA,NA,NA,NA,NA,NA,NA,NA,NA,NA,NA,NA,NA,NA,NA,NA,NA,NA,NA,NA,NA,NA,NA,NA,NA,NA,NA,NA,NA,NA,NA,NA,NA,NA,NA,NA,NA,NA,278.8,246.3,100.6,91.7,6.9,6.1,0.388,0.153,0.312,24.7,17.1,0.974,0.480,28.5,11.6,0.054,1.2,0.252,0.421,21007,90,251,1038,369,166,274,260,1082,146,3685,324,522,131,392,205,2422,81,74,89,207,135,272,104,871,384,461,221,116,1244,253,133,227,788,70,124,625,136,82,86,233,78,102,3037,1908,92,3748,4417,1786,939,29,10919,1048,1086,1300,1156,1162,521,489,127,4228,11117,NA,NA,NA,NA,NA,NA,NA,NA,NA,NA,NA,NA,NA,NA,NA,NA,NA,NA
54000,WV,West Virginia,NA,NA,NA,1805832,-11216,18010,22551,-4541,386,-7029,-6643,-32,47916,9.9,12.4,-2.5,0.2,-3.9,-3.7,174230,523536,332568,261750,13.5,40.5,25.7,20.3,305656,296233,315079,17.4,16.9,17.9,82213,78182,86244,23.2,22.1,24.3,56706,53235,60177,21.8,20.5,23.1,44038,43071,45005,783344,742179,41165,5.3,44038 ,100.0,NA,NA,NA,NA,NA,NA,NA,NA,NA,NA,NA,NA,NA,NA,NA,NA,NA,NA,NA,NA,NA,NA,NA,NA,NA,NA,NA,NA,NA,NA,NA,NA,NA,NA,NA,NA,NA,NA,NA,NA,NA,NA,NA,NA,NA,NA,NA,NA,881917,24230.04,191.83,24038.21,77.1,36.7,NA,NA,NA,NA,NA,NA,NA,NA,NA,NA,NA,NA,NA,NA,NA,NA,NA,NA,NA,NA,NA,NA,NA,NA,NA,NA,NA,NA,NA,NA,NA,NA,NA,NA,NA,NA,NA,NA,NA,NA,NA,NA,NA,NA,NA,NA,NA,NA,NA,NA,NA,NA,NA,NA,NA,NA,NA,NA,NA,NA,NA,NA,NA,NA,NA,NA,NA,NA,NA,NA,NA,NA,NA,NA,NA,NA,NA,NA,NA,NA,NA,NA,NA,NA,NA,NA,NA,NA,NA,NA,NA,NA,NA,NA,NA,NA,NA,NA,NA,NA,NA,NA,NA,NA,NA,NA,NA,NA,NA,NA,NA,NA,NA,NA,NA,NA,NA,NA,NA,NA,NA,NA,NA,NA,NA,NA,NA,NA,NA,NA,NA,NA,NA,NA,NA,NA,NA,263.4,231.6,100.1,89.4,10.5,9.2,0.297,0.275,0.335,89.2,89.2,0.138,0.889,51.8,23,0.302,0.6,0.441,0.304,4757,11,82,178,117,33,56,42,236,48,935,58,190,23,80,36,527,66,33,16,65,32,60,15,201,91,109,56,19,253,27,30,36,160,26,21,138,17,12,34,54,11,25,942,668,56,976,1241,393,264,8,2882,245,325,228,368,243,148,100,50,1096,2803,NA,NA,NA,NA,NA,NA,NA,NA,NA,NA,NA,NA,NA,NA,NA,NA,NA,NA
55000,WI,Wisconsin,NA,NA,NA,5813568,21517,64939,50283,14656,8051,-1011,7040,-179,144736,11.2,8.7,2.5,1.4,-0.2,1.2,317174,1216570,1236655,1160490,8.1,30.9,31.5,29.5,626748,613179,640317,11.1,10.9,11.3,176595,169553,183637,14.1,13.5,14.7,118597,112435,124759,12.9,12.2,13.6,60779,60392,61166,3133294,3039295,93999,3.0,60779 ,100.0,NA,NA,NA,NA,NA,NA,NA,NA,NA,NA,NA,NA,NA,NA,NA,NA,NA,NA,NA,NA,NA,NA,NA,NA,NA,NA,NA,NA,NA,NA,NA,NA,NA,NA,NA,NA,NA,NA,NA,NA,NA,NA,NA,NA,NA,NA,NA,NA,2624358,65496.38,11338.57,54157.8,105,48.5,NA,NA,NA,NA,NA,NA,NA,NA,NA,NA,NA,NA,NA,NA,NA,NA,NA,NA,NA,NA,NA,NA,NA,NA,NA,NA,NA,NA,NA,NA,NA,NA,NA,NA,NA,NA,NA,NA,NA,NA,NA,NA,NA,NA,NA,NA,NA,NA,NA,NA,NA,NA,NA,NA,NA,NA,NA,NA,NA,NA,NA,NA,NA,NA,NA,NA,NA,NA,NA,NA,NA,NA,NA,NA,NA,NA,NA,NA,NA,NA,NA,NA,NA,NA,NA,NA,NA,NA,NA,NA,NA,NA,NA,NA,NA,NA,NA,NA,NA,NA,NA,NA,NA,NA,NA,NA,NA,NA,NA,NA,NA,NA,NA,NA,NA,NA,NA,NA,NA,NA,NA,NA,NA,NA,NA,NA,NA,NA,NA,NA,NA,NA,NA,NA,NA,NA,NA,264.9,238.3,94.6,86.4,7.9,7.1,0.350,0.193,0.292,30.4,13.1,0.148,0.704,34.6,12,0.163,1.1,0.179,0.365,15399,88,219,782,319,151,201,212,798,120,2707,212,457,96,258,118,1700,89,51,97,147,102,223,98,620,318,380,164,85,892,195,86,86,515,66,99,567,103,57,71,170,77,50,3041,1840,133,3052,3276,1343,812,15,8498,818,905,986,889,1066,459,359,133,3582,9197,NA,NA,NA,NA,NA,NA,NA,NA,NA,NA,NA,NA,NA,NA,NA,NA,NA,NA
56000,WY,Wyoming,NA,NA,NA,577737,-1197,6840,4947,1893,597,-3686,-3089,-1,14207,11.8,8.6,3.3,1.0,-6.4,-5.3,27644,111899,145071,104677,7.1,28.7,37.3,26.9,60097,56071,64123,10.7,10.0,11.4,17314,15745,18883,13.1,11.9,14.3,11232,9889,12575,11.6,10.2,13.0,62259,60969,63549,289574,277820,11754,4.1,62259 ,100.0,NA,NA,NA,NA,NA,NA,NA,NA,NA,NA,NA,NA,NA,NA,NA,NA,NA,NA,NA,NA,NA,NA,NA,NA,NA,NA,NA,NA,NA,NA,NA,NA,NA,NA,NA,NA,NA,NA,NA,NA,NA,NA,NA,NA,NA,NA,NA,NA,261868,97813.01,719.87,97093.14,5.8,2.7,NA,NA,NA,NA,NA,NA,NA,NA,NA,NA,NA,NA,NA,NA,NA,NA,NA,NA,NA,NA,NA,NA,NA,NA,NA,NA,NA,NA,NA,NA,NA,NA,NA,NA,NA,NA,NA,NA,NA,NA,NA,NA,NA,NA,NA,NA,NA,NA,NA,NA,NA,NA,NA,NA,NA,NA,NA,NA,NA,NA,NA,NA,NA,NA,NA,NA,NA,NA,NA,NA,NA,NA,NA,NA,NA,NA,NA,NA,NA,NA,NA,NA,NA,NA,NA,NA,NA,NA,NA,NA,NA,NA,NA,NA,NA,NA,NA,NA,NA,NA,NA,NA,NA,NA,NA,NA,NA,NA,NA,NA,NA,NA,NA,NA,NA,NA,NA,NA,NA,NA,NA,NA,NA,NA,NA,NA,NA,NA,NA,NA,NA,NA,NA,NA,NA,NA,NA,207.9,199.6,79.8,76.2,10.6,10.4,0.260,0.134,0.336,NA,NA,NA,NA,7.3,7.3,0.357,NA,0.050,NA,1201,NA,13,78,22,NA,NA,14,84,NA,296,13,61,NA,13,10,103,NA,NA,NA,NA,10,10,NA,74,11,52,16,NA,53,NA,NA,NA,41,NA,NA,42,NA,NA,NA,18,NA,NA,286,161,29,132,376,58,62,NA,628,57,67,58,74,46,16,7,3,216,544,NA,NA,NA,NA,NA,NA,NA,NA,NA,NA,NA,NA,NA,NA,NA,NA,NA,NA
72000,PR,Puerto Rico,NA,NA,NA,3195153,NA,NA,NA,NA,NA,NA,NA,NA,NA,NA,NA,NA,NA,NA,NA,578229,659670,527171,599328,24.5,27.9,22.3,25.3,NA,NA,NA,NA,NA,NA,NA,NA,NA,NA,NA,NA,NA,NA,NA,NA,NA,NA,NA,NA,NA,1084093,984558,99535,9.2,NA,NA,NA,NA,NA,NA,NA,NA,NA,NA,NA,NA,NA,NA,NA,NA,NA,NA,NA,NA,NA,NA,NA,NA,NA,NA,NA,NA,NA,NA,NA,NA,NA,NA,NA,NA,NA,NA,NA,NA,NA,NA,NA,NA,NA,NA,NA,NA,NA,NA,1636946,5324.84,1901.07,3423.78,1088.2,478.1,NA,NA,NA,NA,NA,NA,NA,NA,NA,NA,NA,NA,NA,NA,NA,NA,NA,NA,NA,NA,NA,NA,NA,NA,NA,NA,NA,NA,NA,NA,NA,NA,NA,NA,NA,NA,NA,NA,NA,NA,NA,NA,NA,NA,NA,NA,NA,NA,NA,NA,NA,NA,NA,NA,NA,NA,NA,NA,NA,NA,NA,NA,NA,NA,NA,NA,NA,NA,NA,NA,NA,NA,NA,NA,NA,NA,NA,NA,NA,NA,NA,NA,NA,NA,NA,NA,NA,NA,NA,NA,NA,NA,NA,NA,NA,NA,NA,NA,NA,NA,NA,NA,NA,NA,NA,NA,NA,NA,NA,NA,NA,NA,NA,NA,NA,NA,NA,NA,NA,NA,NA,NA,NA,NA,NA,NA,NA,NA,NA,NA,NA,NA,NA,NA,NA,NA,NA,NA,NA,NA,NA,NA,NA,NA,NA,NA,NA,NA,NA,NA,NA,NA,NA,NA,NA,NA,NA,NA,NA,NA,NA,NA,NA,NA,NA,NA,NA,NA,NA,NA,NA,NA,NA,NA,NA,NA,NA,NA,NA,NA,NA,NA,NA,NA,NA,NA,NA,NA,NA,NA,NA,NA,NA,NA,NA,NA,NA,NA,NA,NA,NA,NA,NA,NA,NA,NA,NA,NA,NA,NA,NA,NA,NA,NA,NA,NA,NA,NA,NA,NA,NA,NA,NA,NA,NA,NA,NA,NA,NA,NA,NA,NA,NA,NA,NA,NA
