"GEO_ID","id",
"NAME","Geographic Area Name",
"DP02_0001E","Estimate!!HOUSEHOLDS BY TYPE!!Total households",
"DP02_0001M","Margin of Error!!HOUSEHOLDS BY TYPE!!Total households",
"DP02_0001PE","Percent Estimate!!HOUSEHOLDS BY TYPE!!Total households",
"DP02_0001PM","Percent Margin of Error!!HOUSEHOLDS BY TYPE!!Total households",
"DP02_0002E","Estimate!!HOUSEHOLDS BY TYPE!!Total households!!Family households (families)",
"DP02_0002M","Margin of Error!!HOUSEHOLDS BY TYPE!!Total households!!Family households (families)",
"DP02_0002PE","Percent Estimate!!HOUSEHOLDS BY TYPE!!Total households!!Family households (families)",
"DP02_0002PM","Percent Margin of Error!!HOUSEHOLDS BY TYPE!!Total households!!Family households (families)",
"DP02_0003E","Estimate!!HOUSEHOLDS BY TYPE!!Total households!!Family households (families)!!With own children of the householder under 18 years",
"DP02_0003M","Margin of Error!!HOUSEHOLDS BY TYPE!!Total households!!Family households (families)!!With own children of the householder under 18 years",
"DP02_0003PE","Percent Estimate!!HOUSEHOLDS BY TYPE!!Total households!!Family households (families)!!With own children of the householder under 18 years",
"DP02_0003PM","Percent Margin of Error!!HOUSEHOLDS BY TYPE!!Total households!!Family households (families)!!With own children of the householder under 18 years",
"DP02_0004E","Estimate!!HOUSEHOLDS BY TYPE!!Total households!!Family households (families)!!Married-couple family",
"DP02_0004M","Margin of Error!!HOUSEHOLDS BY TYPE!!Total households!!Family households (families)!!Married-couple family",
"DP02_0004PE","Percent Estimate!!HOUSEHOLDS BY TYPE!!Total households!!Family households (families)!!Married-couple family",
"DP02_0004PM","Percent Margin of Error!!HOUSEHOLDS BY TYPE!!Total households!!Family households (families)!!Married-couple family",
"DP02_0005E","Estimate!!HOUSEHOLDS BY TYPE!!Total households!!Family households (families)!!Married-couple family!!With own children of the householder under 18 years",
"DP02_0005M","Margin of Error!!HOUSEHOLDS BY TYPE!!Total households!!Family households (families)!!Married-couple family!!With own children of the householder under 18 years",
"DP02_0005PE","Percent Estimate!!HOUSEHOLDS BY TYPE!!Total households!!Family households (families)!!Married-couple family!!With own children of the householder under 18 years",
"DP02_0005PM","Percent Margin of Error!!HOUSEHOLDS BY TYPE!!Total households!!Family households (families)!!Married-couple family!!With own children of the householder under 18 years",
"DP02_0006E","Estimate!!HOUSEHOLDS BY TYPE!!Total households!!Family households (families)!!Male householder, no wife present, family",
"DP02_0006M","Margin of Error!!HOUSEHOLDS BY TYPE!!Total households!!Family households (families)!!Male householder, no wife present, family",
"DP02_0006PE","Percent Estimate!!HOUSEHOLDS BY TYPE!!Total households!!Family households (families)!!Male householder, no wife present, family",
"DP02_0006PM","Percent Margin of Error!!HOUSEHOLDS BY TYPE!!Total households!!Family households (families)!!Male householder, no wife present, family",
"DP02_0007E","Estimate!!HOUSEHOLDS BY TYPE!!Total households!!Family households (families)!!Male householder, no wife present, family!!With own children of the householder under 18 years",
"DP02_0007M","Margin of Error!!HOUSEHOLDS BY TYPE!!Total households!!Family households (families)!!Male householder, no wife present, family!!With own children of the householder under 18 years",
"DP02_0007PE","Percent Estimate!!HOUSEHOLDS BY TYPE!!Total households!!Family households (families)!!Male householder, no wife present, family!!With own children of the householder under 18 years",
"DP02_0007PM","Percent Margin of Error!!HOUSEHOLDS BY TYPE!!Total households!!Family households (families)!!Male householder, no wife present, family!!With own children of the householder under 18 years",
"DP02_0008E","Estimate!!HOUSEHOLDS BY TYPE!!Total households!!Family households (families)!!Female householder, no husband present, family",
"DP02_0008M","Margin of Error!!HOUSEHOLDS BY TYPE!!Total households!!Family households (families)!!Female householder, no husband present, family",
"DP02_0008PE","Percent Estimate!!HOUSEHOLDS BY TYPE!!Total households!!Family households (families)!!Female householder, no husband present, family",
"DP02_0008PM","Percent Margin of Error!!HOUSEHOLDS BY TYPE!!Total households!!Family households (families)!!Female householder, no husband present, family",
"DP02_0009E","Estimate!!HOUSEHOLDS BY TYPE!!Total households!!Family households (families)!!Female householder, no husband present, family!!With own children of the householder under 18 years",
"DP02_0009M","Margin of Error!!HOUSEHOLDS BY TYPE!!Total households!!Family households (families)!!Female householder, no husband present, family!!With own children of the householder under 18 years",
"DP02_0009PE","Percent Estimate!!HOUSEHOLDS BY TYPE!!Total households!!Family households (families)!!Female householder, no husband present, family!!With own children of the householder under 18 years",
"DP02_0009PM","Percent Margin of Error!!HOUSEHOLDS BY TYPE!!Total households!!Family households (families)!!Female householder, no husband present, family!!With own children of the householder under 18 years",
"DP02_0010E","Estimate!!HOUSEHOLDS BY TYPE!!Total households!!Nonfamily households",
"DP02_0010M","Margin of Error!!HOUSEHOLDS BY TYPE!!Total households!!Nonfamily households",
"DP02_0010PE","Percent Estimate!!HOUSEHOLDS BY TYPE!!Total households!!Nonfamily households",
"DP02_0010PM","Percent Margin of Error!!HOUSEHOLDS BY TYPE!!Total households!!Nonfamily households",
"DP02_0011E","Estimate!!HOUSEHOLDS BY TYPE!!Total households!!Nonfamily households!!Householder living alone",
"DP02_0011M","Margin of Error!!HOUSEHOLDS BY TYPE!!Total households!!Nonfamily households!!Householder living alone",
"DP02_0011PE","Percent Estimate!!HOUSEHOLDS BY TYPE!!Total households!!Nonfamily households!!Householder living alone",
"DP02_0011PM","Percent Margin of Error!!HOUSEHOLDS BY TYPE!!Total households!!Nonfamily households!!Householder living alone",
"DP02_0012E","Estimate!!HOUSEHOLDS BY TYPE!!Total households!!Nonfamily households!!Householder living alone!!65 years and over",
"DP02_0012M","Margin of Error!!HOUSEHOLDS BY TYPE!!Total households!!Nonfamily households!!Householder living alone!!65 years and over",
"DP02_0012PE","Percent Estimate!!HOUSEHOLDS BY TYPE!!Total households!!Nonfamily households!!Householder living alone!!65 years and over",
"DP02_0012PM","Percent Margin of Error!!HOUSEHOLDS BY TYPE!!Total households!!Nonfamily households!!Householder living alone!!65 years and over",
"DP02_0013E","Estimate!!HOUSEHOLDS BY TYPE!!Total households!!Households with one or more people under 18 years",
"DP02_0013M","Margin of Error!!HOUSEHOLDS BY TYPE!!Total households!!Households with one or more people under 18 years",
"DP02_0013PE","Percent Estimate!!HOUSEHOLDS BY TYPE!!Total households!!Households with one or more people under 18 years",
"DP02_0013PM","Percent Margin of Error!!HOUSEHOLDS BY TYPE!!Total households!!Households with one or more people under 18 years",
"DP02_0014E","Estimate!!HOUSEHOLDS BY TYPE!!Total households!!Households with one or more people 65 years and over",
"DP02_0014M","Margin of Error!!HOUSEHOLDS BY TYPE!!Total households!!Households with one or more people 65 years and over",
"DP02_0014PE","Percent Estimate!!HOUSEHOLDS BY TYPE!!Total households!!Households with one or more people 65 years and over",
"DP02_0014PM","Percent Margin of Error!!HOUSEHOLDS BY TYPE!!Total households!!Households with one or more people 65 years and over",
"DP02_0015E","Estimate!!HOUSEHOLDS BY TYPE!!Total households!!Average household size",
"DP02_0015M","Margin of Error!!HOUSEHOLDS BY TYPE!!Total households!!Average household size",
"DP02_0015PE","Percent Estimate!!HOUSEHOLDS BY TYPE!!Total households!!Average household size",
"DP02_0015PM","Percent Margin of Error!!HOUSEHOLDS BY TYPE!!Total households!!Average household size",
"DP02_0016E","Estimate!!HOUSEHOLDS BY TYPE!!Total households!!Average family size",
"DP02_0016M","Margin of Error!!HOUSEHOLDS BY TYPE!!Total households!!Average family size",
"DP02_0016PE","Percent Estimate!!HOUSEHOLDS BY TYPE!!Total households!!Average family size",
"DP02_0016PM","Percent Margin of Error!!HOUSEHOLDS BY TYPE!!Total households!!Average family size",
"DP02_0017E","Estimate!!RELATIONSHIP!!Population in households",
"DP02_0017M","Margin of Error!!RELATIONSHIP!!Population in households",
"DP02_0017PE","Percent Estimate!!RELATIONSHIP!!Population in households",
"DP02_0017PM","Percent Margin of Error!!RELATIONSHIP!!Population in households",
"DP02_0018E","Estimate!!RELATIONSHIP!!Population in households!!Householder",
"DP02_0018M","Margin of Error!!RELATIONSHIP!!Population in households!!Householder",
"DP02_0018PE","Percent Estimate!!RELATIONSHIP!!Population in households!!Householder",
"DP02_0018PM","Percent Margin of Error!!RELATIONSHIP!!Population in households!!Householder",
"DP02_0019E","Estimate!!RELATIONSHIP!!Population in households!!Spouse",
"DP02_0019M","Margin of Error!!RELATIONSHIP!!Population in households!!Spouse",
"DP02_0019PE","Percent Estimate!!RELATIONSHIP!!Population in households!!Spouse",
"DP02_0019PM","Percent Margin of Error!!RELATIONSHIP!!Population in households!!Spouse",
"DP02_0020E","Estimate!!RELATIONSHIP!!Population in households!!Child",
"DP02_0020M","Margin of Error!!RELATIONSHIP!!Population in households!!Child",
"DP02_0020PE","Percent Estimate!!RELATIONSHIP!!Population in households!!Child",
"DP02_0020PM","Percent Margin of Error!!RELATIONSHIP!!Population in households!!Child",
"DP02_0021E","Estimate!!RELATIONSHIP!!Population in households!!Other relatives",
"DP02_0021M","Margin of Error!!RELATIONSHIP!!Population in households!!Other relatives",
"DP02_0021PE","Percent Estimate!!RELATIONSHIP!!Population in households!!Other relatives",
"DP02_0021PM","Percent Margin of Error!!RELATIONSHIP!!Population in households!!Other relatives",
"DP02_0022E","Estimate!!RELATIONSHIP!!Population in households!!Nonrelatives",
"DP02_0022M","Margin of Error!!RELATIONSHIP!!Population in households!!Nonrelatives",
"DP02_0022PE","Percent Estimate!!RELATIONSHIP!!Population in households!!Nonrelatives",
"DP02_0022PM","Percent Margin of Error!!RELATIONSHIP!!Population in households!!Nonrelatives",
"DP02_0023E","Estimate!!RELATIONSHIP!!Population in households!!Nonrelatives!!Unmarried partner",
"DP02_0023M","Margin of Error!!RELATIONSHIP!!Population in households!!Nonrelatives!!Unmarried partner",
"DP02_0023PE","Percent Estimate!!RELATIONSHIP!!Population in households!!Nonrelatives!!Unmarried partner",
"DP02_0023PM","Percent Margin of Error!!RELATIONSHIP!!Population in households!!Nonrelatives!!Unmarried partner",
"DP02_0024E","Estimate!!MARITAL STATUS!!Males 15 years and over",
"DP02_0024M","Margin of Error!!MARITAL STATUS!!Males 15 years and over",
"DP02_0024PE","Percent Estimate!!MARITAL STATUS!!Males 15 years and over",
"DP02_0024PM","Percent Margin of Error!!MARITAL STATUS!!Males 15 years and over",
"DP02_0025E","Estimate!!MARITAL STATUS!!Males 15 years and over!!Never married",
"DP02_0025M","Margin of Error!!MARITAL STATUS!!Males 15 years and over!!Never married",
"DP02_0025PE","Percent Estimate!!MARITAL STATUS!!Males 15 years and over!!Never married",
"DP02_0025PM","Percent Margin of Error!!MARITAL STATUS!!Males 15 years and over!!Never married",
"DP02_0026E","Estimate!!MARITAL STATUS!!Males 15 years and over!!Now married, except separated",
"DP02_0026M","Margin of Error!!MARITAL STATUS!!Males 15 years and over!!Now married, except separated",
"DP02_0026PE","Percent Estimate!!MARITAL STATUS!!Males 15 years and over!!Now married, except separated",
"DP02_0026PM","Percent Margin of Error!!MARITAL STATUS!!Males 15 years and over!!Now married, except separated",
"DP02_0027E","Estimate!!MARITAL STATUS!!Males 15 years and over!!Separated",
"DP02_0027M","Margin of Error!!MARITAL STATUS!!Males 15 years and over!!Separated",
"DP02_0027PE","Percent Estimate!!MARITAL STATUS!!Males 15 years and over!!Separated",
"DP02_0027PM","Percent Margin of Error!!MARITAL STATUS!!Males 15 years and over!!Separated",
"DP02_0028E","Estimate!!MARITAL STATUS!!Males 15 years and over!!Widowed",
"DP02_0028M","Margin of Error!!MARITAL STATUS!!Males 15 years and over!!Widowed",
"DP02_0028PE","Percent Estimate!!MARITAL STATUS!!Males 15 years and over!!Widowed",
"DP02_0028PM","Percent Margin of Error!!MARITAL STATUS!!Males 15 years and over!!Widowed",
"DP02_0029E","Estimate!!MARITAL STATUS!!Males 15 years and over!!Divorced",
"DP02_0029M","Margin of Error!!MARITAL STATUS!!Males 15 years and over!!Divorced",
"DP02_0029PE","Percent Estimate!!MARITAL STATUS!!Males 15 years and over!!Divorced",
"DP02_0029PM","Percent Margin of Error!!MARITAL STATUS!!Males 15 years and over!!Divorced",
"DP02_0030E","Estimate!!MARITAL STATUS!!Females 15 years and over",
"DP02_0030M","Margin of Error!!MARITAL STATUS!!Females 15 years and over",
"DP02_0030PE","Percent Estimate!!MARITAL STATUS!!Females 15 years and over",
"DP02_0030PM","Percent Margin of Error!!MARITAL STATUS!!Females 15 years and over",
"DP02_0031E","Estimate!!MARITAL STATUS!!Females 15 years and over!!Never married",
"DP02_0031M","Margin of Error!!MARITAL STATUS!!Females 15 years and over!!Never married",
"DP02_0031PE","Percent Estimate!!MARITAL STATUS!!Females 15 years and over!!Never married",
"DP02_0031PM","Percent Margin of Error!!MARITAL STATUS!!Females 15 years and over!!Never married",
"DP02_0032E","Estimate!!MARITAL STATUS!!Females 15 years and over!!Now married, except separated",
"DP02_0032M","Margin of Error!!MARITAL STATUS!!Females 15 years and over!!Now married, except separated",
"DP02_0032PE","Percent Estimate!!MARITAL STATUS!!Females 15 years and over!!Now married, except separated",
"DP02_0032PM","Percent Margin of Error!!MARITAL STATUS!!Females 15 years and over!!Now married, except separated",
"DP02_0033E","Estimate!!MARITAL STATUS!!Females 15 years and over!!Separated",
"DP02_0033M","Margin of Error!!MARITAL STATUS!!Females 15 years and over!!Separated",
"DP02_0033PE","Percent Estimate!!MARITAL STATUS!!Females 15 years and over!!Separated",
"DP02_0033PM","Percent Margin of Error!!MARITAL STATUS!!Females 15 years and over!!Separated",
"DP02_0034E","Estimate!!MARITAL STATUS!!Females 15 years and over!!Widowed",
"DP02_0034M","Margin of Error!!MARITAL STATUS!!Females 15 years and over!!Widowed",
"DP02_0034PE","Percent Estimate!!MARITAL STATUS!!Females 15 years and over!!Widowed",
"DP02_0034PM","Percent Margin of Error!!MARITAL STATUS!!Females 15 years and over!!Widowed",
"DP02_0035E","Estimate!!MARITAL STATUS!!Females 15 years and over!!Divorced",
"DP02_0035M","Margin of Error!!MARITAL STATUS!!Females 15 years and over!!Divorced",
"DP02_0035PE","Percent Estimate!!MARITAL STATUS!!Females 15 years and over!!Divorced",
"DP02_0035PM","Percent Margin of Error!!MARITAL STATUS!!Females 15 years and over!!Divorced",
"DP02_0036E","Estimate!!FERTILITY!!Number of women 15 to 50 years old who had a birth in the past 12 months",
"DP02_0036M","Margin of Error!!FERTILITY!!Number of women 15 to 50 years old who had a birth in the past 12 months",
"DP02_0036PE","Percent Estimate!!FERTILITY!!Number of women 15 to 50 years old who had a birth in the past 12 months",
"DP02_0036PM","Percent Margin of Error!!FERTILITY!!Number of women 15 to 50 years old who had a birth in the past 12 months",
"DP02_0037E","Estimate!!FERTILITY!!Number of women 15 to 50 years old who had a birth in the past 12 months!!Unmarried women (widowed, divorced, and never married)",
"DP02_0037M","Margin of Error!!FERTILITY!!Number of women 15 to 50 years old who had a birth in the past 12 months!!Unmarried women (widowed, divorced, and never married)",
"DP02_0037PE","Percent Estimate!!FERTILITY!!Number of women 15 to 50 years old who had a birth in the past 12 months!!Unmarried women (widowed, divorced, and never married)",
"DP02_0037PM","Percent Margin of Error!!FERTILITY!!Number of women 15 to 50 years old who had a birth in the past 12 months!!Unmarried women (widowed, divorced, and never married)",
"DP02_0038E","Estimate!!FERTILITY!!Number of women 15 to 50 years old who had a birth in the past 12 months!!Unmarried women (widowed, divorced, and never married)!!Per 1,000 unmarried women",
"DP02_0038M","Margin of Error!!FERTILITY!!Number of women 15 to 50 years old who had a birth in the past 12 months!!Unmarried women (widowed, divorced, and never married)!!Per 1,000 unmarried women",
"DP02_0038PE","Percent Estimate!!FERTILITY!!Number of women 15 to 50 years old who had a birth in the past 12 months!!Unmarried women (widowed, divorced, and never married)!!Per 1,000 unmarried women",
"DP02_0038PM","Percent Margin of Error!!FERTILITY!!Number of women 15 to 50 years old who had a birth in the past 12 months!!Unmarried women (widowed, divorced, and never married)!!Per 1,000 unmarried women",
"DP02_0039E","Estimate!!FERTILITY!!Number of women 15 to 50 years old who had a birth in the past 12 months!!Per 1,000 women 15 to 50 years old",
"DP02_0039M","Margin of Error!!FERTILITY!!Number of women 15 to 50 years old who had a birth in the past 12 months!!Per 1,000 women 15 to 50 years old",
"DP02_0039PE","Percent Estimate!!FERTILITY!!Number of women 15 to 50 years old who had a birth in the past 12 months!!Per 1,000 women 15 to 50 years old",
"DP02_0039PM","Percent Margin of Error!!FERTILITY!!Number of women 15 to 50 years old who had a birth in the past 12 months!!Per 1,000 women 15 to 50 years old",
"DP02_0040E","Estimate!!FERTILITY!!Number of women 15 to 50 years old who had a birth in the past 12 months!!Per 1,000 women 15 to 19 years old",
"DP02_0040M","Margin of Error!!FERTILITY!!Number of women 15 to 50 years old who had a birth in the past 12 months!!Per 1,000 women 15 to 19 years old",
"DP02_0040PE","Percent Estimate!!FERTILITY!!Number of women 15 to 50 years old who had a birth in the past 12 months!!Per 1,000 women 15 to 19 years old",
"DP02_0040PM","Percent Margin of Error!!FERTILITY!!Number of women 15 to 50 years old who had a birth in the past 12 months!!Per 1,000 women 15 to 19 years old",
"DP02_0041E","Estimate!!FERTILITY!!Number of women 15 to 50 years old who had a birth in the past 12 months!!Per 1,000 women 20 to 34 years old",
"DP02_0041M","Margin of Error!!FERTILITY!!Number of women 15 to 50 years old who had a birth in the past 12 months!!Per 1,000 women 20 to 34 years old",
"DP02_0041PE","Percent Estimate!!FERTILITY!!Number of women 15 to 50 years old who had a birth in the past 12 months!!Per 1,000 women 20 to 34 years old",
"DP02_0041PM","Percent Margin of Error!!FERTILITY!!Number of women 15 to 50 years old who had a birth in the past 12 months!!Per 1,000 women 20 to 34 years old",
"DP02_0042E","Estimate!!FERTILITY!!Number of women 15 to 50 years old who had a birth in the past 12 months!!Per 1,000 women 35 to 50 years old",
"DP02_0042M","Margin of Error!!FERTILITY!!Number of women 15 to 50 years old who had a birth in the past 12 months!!Per 1,000 women 35 to 50 years old",
"DP02_0042PE","Percent Estimate!!FERTILITY!!Number of women 15 to 50 years old who had a birth in the past 12 months!!Per 1,000 women 35 to 50 years old",
"DP02_0042PM","Percent Margin of Error!!FERTILITY!!Number of women 15 to 50 years old who had a birth in the past 12 months!!Per 1,000 women 35 to 50 years old",
"DP02_0043E","Estimate!!GRANDPARENTS!!Number of grandparents living with own grandchildren under 18 years",
"DP02_0043M","Margin of Error!!GRANDPARENTS!!Number of grandparents living with own grandchildren under 18 years",
"DP02_0043PE","Percent Estimate!!GRANDPARENTS!!Number of grandparents living with own grandchildren under 18 years",
"DP02_0043PM","Percent Margin of Error!!GRANDPARENTS!!Number of grandparents living with own grandchildren under 18 years",
"DP02_0044E","Estimate!!GRANDPARENTS!!Number of grandparents living with own grandchildren under 18 years!!Grandparents responsible for grandchildren",
"DP02_0044M","Margin of Error!!GRANDPARENTS!!Number of grandparents living with own grandchildren under 18 years!!Grandparents responsible for grandchildren",
"DP02_0044PE","Percent Estimate!!GRANDPARENTS!!Number of grandparents living with own grandchildren under 18 years!!Grandparents responsible for grandchildren",
"DP02_0044PM","Percent Margin of Error!!GRANDPARENTS!!Number of grandparents living with own grandchildren under 18 years!!Grandparents responsible for grandchildren",
"DP02_0045E","Estimate!!GRANDPARENTS!!Number of grandparents living with own grandchildren under 18 years!!Years responsible for grandchildren!!Less than 1 year",
"DP02_0045M","Margin of Error!!GRANDPARENTS!!Number of grandparents living with own grandchildren under 18 years!!Years responsible for grandchildren!!Less than 1 year",
"DP02_0045PE","Percent Estimate!!GRANDPARENTS!!Number of grandparents living with own grandchildren under 18 years!!Years responsible for grandchildren!!Less than 1 year",
"DP02_0045PM","Percent Margin of Error!!GRANDPARENTS!!Number of grandparents living with own grandchildren under 18 years!!Years responsible for grandchildren!!Less than 1 year",
"DP02_0046E","Estimate!!GRANDPARENTS!!Number of grandparents living with own grandchildren under 18 years!!Years responsible for grandchildren!!1 or 2 years",
"DP02_0046M","Margin of Error!!GRANDPARENTS!!Number of grandparents living with own grandchildren under 18 years!!Years responsible for grandchildren!!1 or 2 years",
"DP02_0046PE","Percent Estimate!!GRANDPARENTS!!Number of grandparents living with own grandchildren under 18 years!!Years responsible for grandchildren!!1 or 2 years",
"DP02_0046PM","Percent Margin of Error!!GRANDPARENTS!!Number of grandparents living with own grandchildren under 18 years!!Years responsible for grandchildren!!1 or 2 years",
"DP02_0047E","Estimate!!GRANDPARENTS!!Number of grandparents living with own grandchildren under 18 years!!Years responsible for grandchildren!!3 or 4 years",
"DP02_0047M","Margin of Error!!GRANDPARENTS!!Number of grandparents living with own grandchildren under 18 years!!Years responsible for grandchildren!!3 or 4 years",
"DP02_0047PE","Percent Estimate!!GRANDPARENTS!!Number of grandparents living with own grandchildren under 18 years!!Years responsible for grandchildren!!3 or 4 years",
"DP02_0047PM","Percent Margin of Error!!GRANDPARENTS!!Number of grandparents living with own grandchildren under 18 years!!Years responsible for grandchildren!!3 or 4 years",
"DP02_0048E","Estimate!!GRANDPARENTS!!Number of grandparents living with own grandchildren under 18 years!!Years responsible for grandchildren!!5 or more years",
"DP02_0048M","Margin of Error!!GRANDPARENTS!!Number of grandparents living with own grandchildren under 18 years!!Years responsible for grandchildren!!5 or more years",
"DP02_0048PE","Percent Estimate!!GRANDPARENTS!!Number of grandparents living with own grandchildren under 18 years!!Years responsible for grandchildren!!5 or more years",
"DP02_0048PM","Percent Margin of Error!!GRANDPARENTS!!Number of grandparents living with own grandchildren under 18 years!!Years responsible for grandchildren!!5 or more years",
"DP02_0049E","Estimate!!GRANDPARENTS!!Number of grandparents responsible for own grandchildren under 18 years",
"DP02_0049M","Margin of Error!!GRANDPARENTS!!Number of grandparents responsible for own grandchildren under 18 years",
"DP02_0049PE","Percent Estimate!!GRANDPARENTS!!Number of grandparents responsible for own grandchildren under 18 years",
"DP02_0049PM","Percent Margin of Error!!GRANDPARENTS!!Number of grandparents responsible for own grandchildren under 18 years",
"DP02_0050E","Estimate!!GRANDPARENTS!!Number of grandparents responsible for own grandchildren under 18 years!!Who are female",
"DP02_0050M","Margin of Error!!GRANDPARENTS!!Number of grandparents responsible for own grandchildren under 18 years!!Who are female",
"DP02_0050PE","Percent Estimate!!GRANDPARENTS!!Number of grandparents responsible for own grandchildren under 18 years!!Who are female",
"DP02_0050PM","Percent Margin of Error!!GRANDPARENTS!!Number of grandparents responsible for own grandchildren under 18 years!!Who are female",
"DP02_0051E","Estimate!!GRANDPARENTS!!Number of grandparents responsible for own grandchildren under 18 years!!Who are married",
"DP02_0051M","Margin of Error!!GRANDPARENTS!!Number of grandparents responsible for own grandchildren under 18 years!!Who are married",
"DP02_0051PE","Percent Estimate!!GRANDPARENTS!!Number of grandparents responsible for own grandchildren under 18 years!!Who are married",
"DP02_0051PM","Percent Margin of Error!!GRANDPARENTS!!Number of grandparents responsible for own grandchildren under 18 years!!Who are married",
"DP02_0052E","Estimate!!SCHOOL ENROLLMENT!!Population 3 years and over enrolled in school",
"DP02_0052M","Margin of Error!!SCHOOL ENROLLMENT!!Population 3 years and over enrolled in school",
"DP02_0052PE","Percent Estimate!!SCHOOL ENROLLMENT!!Population 3 years and over enrolled in school",
"DP02_0052PM","Percent Margin of Error!!SCHOOL ENROLLMENT!!Population 3 years and over enrolled in school",
"DP02_0053E","Estimate!!SCHOOL ENROLLMENT!!Population 3 years and over enrolled in school!!Nursery school, preschool",
"DP02_0053M","Margin of Error!!SCHOOL ENROLLMENT!!Population 3 years and over enrolled in school!!Nursery school, preschool",
"DP02_0053PE","Percent Estimate!!SCHOOL ENROLLMENT!!Population 3 years and over enrolled in school!!Nursery school, preschool",
"DP02_0053PM","Percent Margin of Error!!SCHOOL ENROLLMENT!!Population 3 years and over enrolled in school!!Nursery school, preschool",
"DP02_0054E","Estimate!!SCHOOL ENROLLMENT!!Population 3 years and over enrolled in school!!Kindergarten",
"DP02_0054M","Margin of Error!!SCHOOL ENROLLMENT!!Population 3 years and over enrolled in school!!Kindergarten",
"DP02_0054PE","Percent Estimate!!SCHOOL ENROLLMENT!!Population 3 years and over enrolled in school!!Kindergarten",
"DP02_0054PM","Percent Margin of Error!!SCHOOL ENROLLMENT!!Population 3 years and over enrolled in school!!Kindergarten",
"DP02_0055E","Estimate!!SCHOOL ENROLLMENT!!Population 3 years and over enrolled in school!!Elementary school (grades 1-8)",
"DP02_0055M","Margin of Error!!SCHOOL ENROLLMENT!!Population 3 years and over enrolled in school!!Elementary school (grades 1-8)",
"DP02_0055PE","Percent Estimate!!SCHOOL ENROLLMENT!!Population 3 years and over enrolled in school!!Elementary school (grades 1-8)",
"DP02_0055PM","Percent Margin of Error!!SCHOOL ENROLLMENT!!Population 3 years and over enrolled in school!!Elementary school (grades 1-8)",
"DP02_0056E","Estimate!!SCHOOL ENROLLMENT!!Population 3 years and over enrolled in school!!High school (grades 9-12)",
"DP02_0056M","Margin of Error!!SCHOOL ENROLLMENT!!Population 3 years and over enrolled in school!!High school (grades 9-12)",
"DP02_0056PE","Percent Estimate!!SCHOOL ENROLLMENT!!Population 3 years and over enrolled in school!!High school (grades 9-12)",
"DP02_0056PM","Percent Margin of Error!!SCHOOL ENROLLMENT!!Population 3 years and over enrolled in school!!High school (grades 9-12)",
"DP02_0057E","Estimate!!SCHOOL ENROLLMENT!!Population 3 years and over enrolled in school!!College or graduate school",
"DP02_0057M","Margin of Error!!SCHOOL ENROLLMENT!!Population 3 years and over enrolled in school!!College or graduate school",
"DP02_0057PE","Percent Estimate!!SCHOOL ENROLLMENT!!Population 3 years and over enrolled in school!!College or graduate school",
"DP02_0057PM","Percent Margin of Error!!SCHOOL ENROLLMENT!!Population 3 years and over enrolled in school!!College or graduate school",
"DP02_0058E","Estimate!!EDUCATIONAL ATTAINMENT!!Population 25 years and over",
"DP02_0058M","Margin of Error!!EDUCATIONAL ATTAINMENT!!Population 25 years and over",
"DP02_0058PE","Percent Estimate!!EDUCATIONAL ATTAINMENT!!Population 25 years and over",
"DP02_0058PM","Percent Margin of Error!!EDUCATIONAL ATTAINMENT!!Population 25 years and over",
"DP02_0059E","Estimate!!EDUCATIONAL ATTAINMENT!!Population 25 years and over!!Less than 9th grade",
"DP02_0059M","Margin of Error!!EDUCATIONAL ATTAINMENT!!Population 25 years and over!!Less than 9th grade",
"DP02_0059PE","Percent Estimate!!EDUCATIONAL ATTAINMENT!!Population 25 years and over!!Less than 9th grade",
"DP02_0059PM","Percent Margin of Error!!EDUCATIONAL ATTAINMENT!!Population 25 years and over!!Less than 9th grade",
"DP02_0060E","Estimate!!EDUCATIONAL ATTAINMENT!!Population 25 years and over!!9th to 12th grade, no diploma",
"DP02_0060M","Margin of Error!!EDUCATIONAL ATTAINMENT!!Population 25 years and over!!9th to 12th grade, no diploma",
"DP02_0060PE","Percent Estimate!!EDUCATIONAL ATTAINMENT!!Population 25 years and over!!9th to 12th grade, no diploma",
"DP02_0060PM","Percent Margin of Error!!EDUCATIONAL ATTAINMENT!!Population 25 years and over!!9th to 12th grade, no diploma",
"DP02_0061E","Estimate!!EDUCATIONAL ATTAINMENT!!Population 25 years and over!!High school graduate (includes equivalency)",
"DP02_0061M","Margin of Error!!EDUCATIONAL ATTAINMENT!!Population 25 years and over!!High school graduate (includes equivalency)",
"DP02_0061PE","Percent Estimate!!EDUCATIONAL ATTAINMENT!!Population 25 years and over!!High school graduate (includes equivalency)",
"DP02_0061PM","Percent Margin of Error!!EDUCATIONAL ATTAINMENT!!Population 25 years and over!!High school graduate (includes equivalency)",
"DP02_0062E","Estimate!!EDUCATIONAL ATTAINMENT!!Population 25 years and over!!Some college, no degree",
"DP02_0062M","Margin of Error!!EDUCATIONAL ATTAINMENT!!Population 25 years and over!!Some college, no degree",
"DP02_0062PE","Percent Estimate!!EDUCATIONAL ATTAINMENT!!Population 25 years and over!!Some college, no degree",
"DP02_0062PM","Percent Margin of Error!!EDUCATIONAL ATTAINMENT!!Population 25 years and over!!Some college, no degree",
"DP02_0063E","Estimate!!EDUCATIONAL ATTAINMENT!!Population 25 years and over!!Associate's degree",
"DP02_0063M","Margin of Error!!EDUCATIONAL ATTAINMENT!!Population 25 years and over!!Associate's degree",
"DP02_0063PE","Percent Estimate!!EDUCATIONAL ATTAINMENT!!Population 25 years and over!!Associate's degree",
"DP02_0063PM","Percent Margin of Error!!EDUCATIONAL ATTAINMENT!!Population 25 years and over!!Associate's degree",
"DP02_0064E","Estimate!!EDUCATIONAL ATTAINMENT!!Population 25 years and over!!Bachelor's degree",
"DP02_0064M","Margin of Error!!EDUCATIONAL ATTAINMENT!!Population 25 years and over!!Bachelor's degree",
"DP02_0064PE","Percent Estimate!!EDUCATIONAL ATTAINMENT!!Population 25 years and over!!Bachelor's degree",
"DP02_0064PM","Percent Margin of Error!!EDUCATIONAL ATTAINMENT!!Population 25 years and over!!Bachelor's degree",
"DP02_0065E","Estimate!!EDUCATIONAL ATTAINMENT!!Population 25 years and over!!Graduate or professional degree",
"DP02_0065M","Margin of Error!!EDUCATIONAL ATTAINMENT!!Population 25 years and over!!Graduate or professional degree",
"DP02_0065PE","Percent Estimate!!EDUCATIONAL ATTAINMENT!!Population 25 years and over!!Graduate or professional degree",
"DP02_0065PM","Percent Margin of Error!!EDUCATIONAL ATTAINMENT!!Population 25 years and over!!Graduate or professional degree",
"DP02_0066E","Estimate!!EDUCATIONAL ATTAINMENT!!Population 25 years and over!!High school graduate or higher",
"DP02_0066M","Margin of Error!!EDUCATIONAL ATTAINMENT!!Population 25 years and over!!High school graduate or higher",
"DP02_0066PE","Percent Estimate!!EDUCATIONAL ATTAINMENT!!Population 25 years and over!!High school graduate or higher",
"DP02_0066PM","Percent Margin of Error!!EDUCATIONAL ATTAINMENT!!Population 25 years and over!!High school graduate or higher",
"DP02_0067E","Estimate!!EDUCATIONAL ATTAINMENT!!Population 25 years and over!!Bachelor's degree or higher",
"DP02_0067M","Margin of Error!!EDUCATIONAL ATTAINMENT!!Population 25 years and over!!Bachelor's degree or higher",
"DP02_0067PE","Percent Estimate!!EDUCATIONAL ATTAINMENT!!Population 25 years and over!!Bachelor's degree or higher",
"DP02_0067PM","Percent Margin of Error!!EDUCATIONAL ATTAINMENT!!Population 25 years and over!!Bachelor's degree or higher",
"DP02_0068E","Estimate!!VETERAN STATUS!!Civilian population 18 years and over",
"DP02_0068M","Margin of Error!!VETERAN STATUS!!Civilian population 18 years and over",
"DP02_0068PE","Percent Estimate!!VETERAN STATUS!!Civilian population 18 years and over",
"DP02_0068PM","Percent Margin of Error!!VETERAN STATUS!!Civilian population 18 years and over",
"DP02_0069E","Estimate!!VETERAN STATUS!!Civilian population 18 years and over!!Civilian veterans",
"DP02_0069M","Margin of Error!!VETERAN STATUS!!Civilian population 18 years and over!!Civilian veterans",
"DP02_0069PE","Percent Estimate!!VETERAN STATUS!!Civilian population 18 years and over!!Civilian veterans",
"DP02_0069PM","Percent Margin of Error!!VETERAN STATUS!!Civilian population 18 years and over!!Civilian veterans",
"DP02_0070E","Estimate!!DISABILITY STATUS OF THE CIVILIAN NONINSTITUTIONALIZED POPULATION!!Total Civilian Noninstitutionalized Population",
"DP02_0070M","Margin of Error!!DISABILITY STATUS OF THE CIVILIAN NONINSTITUTIONALIZED POPULATION!!Total Civilian Noninstitutionalized Population",
"DP02_0070PE","Percent Estimate!!DISABILITY STATUS OF THE CIVILIAN NONINSTITUTIONALIZED POPULATION!!Total Civilian Noninstitutionalized Population",
"DP02_0070PM","Percent Margin of Error!!DISABILITY STATUS OF THE CIVILIAN NONINSTITUTIONALIZED POPULATION!!Total Civilian Noninstitutionalized Population",
"DP02_0071E","Estimate!!DISABILITY STATUS OF THE CIVILIAN NONINSTITUTIONALIZED POPULATION!!Total Civilian Noninstitutionalized Population!!With a disability",
"DP02_0071M","Margin of Error!!DISABILITY STATUS OF THE CIVILIAN NONINSTITUTIONALIZED POPULATION!!Total Civilian Noninstitutionalized Population!!With a disability",
"DP02_0071PE","Percent Estimate!!DISABILITY STATUS OF THE CIVILIAN NONINSTITUTIONALIZED POPULATION!!Total Civilian Noninstitutionalized Population!!With a disability",
"DP02_0071PM","Percent Margin of Error!!DISABILITY STATUS OF THE CIVILIAN NONINSTITUTIONALIZED POPULATION!!Total Civilian Noninstitutionalized Population!!With a disability",
"DP02_0072E","Estimate!!DISABILITY STATUS OF THE CIVILIAN NONINSTITUTIONALIZED POPULATION!!Under 18 years",
"DP02_0072M","Margin of Error!!DISABILITY STATUS OF THE CIVILIAN NONINSTITUTIONALIZED POPULATION!!Under 18 years",
"DP02_0072PE","Percent Estimate!!DISABILITY STATUS OF THE CIVILIAN NONINSTITUTIONALIZED POPULATION!!Under 18 years",
"DP02_0072PM","Percent Margin of Error!!DISABILITY STATUS OF THE CIVILIAN NONINSTITUTIONALIZED POPULATION!!Under 18 years",
"DP02_0073E","Estimate!!DISABILITY STATUS OF THE CIVILIAN NONINSTITUTIONALIZED POPULATION!!Under 18 years!!With a disability",
"DP02_0073M","Margin of Error!!DISABILITY STATUS OF THE CIVILIAN NONINSTITUTIONALIZED POPULATION!!Under 18 years!!With a disability",
"DP02_0073PE","Percent Estimate!!DISABILITY STATUS OF THE CIVILIAN NONINSTITUTIONALIZED POPULATION!!Under 18 years!!With a disability",
"DP02_0073PM","Percent Margin of Error!!DISABILITY STATUS OF THE CIVILIAN NONINSTITUTIONALIZED POPULATION!!Under 18 years!!With a disability",
"DP02_0074E","Estimate!!DISABILITY STATUS OF THE CIVILIAN NONINSTITUTIONALIZED POPULATION!!18 to 64 years",
"DP02_0074M","Margin of Error!!DISABILITY STATUS OF THE CIVILIAN NONINSTITUTIONALIZED POPULATION!!18 to 64 years",
"DP02_0074PE","Percent Estimate!!DISABILITY STATUS OF THE CIVILIAN NONINSTITUTIONALIZED POPULATION!!18 to 64 years",
"DP02_0074PM","Percent Margin of Error!!DISABILITY STATUS OF THE CIVILIAN NONINSTITUTIONALIZED POPULATION!!18 to 64 years",
"DP02_0075E","Estimate!!DISABILITY STATUS OF THE CIVILIAN NONINSTITUTIONALIZED POPULATION!!18 to 64 years!!With a disability",
"DP02_0075M","Margin of Error!!DISABILITY STATUS OF THE CIVILIAN NONINSTITUTIONALIZED POPULATION!!18 to 64 years!!With a disability",
"DP02_0075PE","Percent Estimate!!DISABILITY STATUS OF THE CIVILIAN NONINSTITUTIONALIZED POPULATION!!18 to 64 years!!With a disability",
"DP02_0075PM","Percent Margin of Error!!DISABILITY STATUS OF THE CIVILIAN NONINSTITUTIONALIZED POPULATION!!18 to 64 years!!With a disability",
"DP02_0076E","Estimate!!DISABILITY STATUS OF THE CIVILIAN NONINSTITUTIONALIZED POPULATION!!65 years and over",
"DP02_0076M","Margin of Error!!DISABILITY STATUS OF THE CIVILIAN NONINSTITUTIONALIZED POPULATION!!65 years and over",
"DP02_0076PE","Percent Estimate!!DISABILITY STATUS OF THE CIVILIAN NONINSTITUTIONALIZED POPULATION!!65 years and over",
"DP02_0076PM","Percent Margin of Error!!DISABILITY STATUS OF THE CIVILIAN NONINSTITUTIONALIZED POPULATION!!65 years and over",
"DP02_0077E","Estimate!!DISABILITY STATUS OF THE CIVILIAN NONINSTITUTIONALIZED POPULATION!!65 years and over!!With a disability",
"DP02_0077M","Margin of Error!!DISABILITY STATUS OF THE CIVILIAN NONINSTITUTIONALIZED POPULATION!!65 years and over!!With a disability",
"DP02_0077PE","Percent Estimate!!DISABILITY STATUS OF THE CIVILIAN NONINSTITUTIONALIZED POPULATION!!65 years and over!!With a disability",
"DP02_0077PM","Percent Margin of Error!!DISABILITY STATUS OF THE CIVILIAN NONINSTITUTIONALIZED POPULATION!!65 years and over!!With a disability",
"DP02_0078E","Estimate!!RESIDENCE 1 YEAR AGO!!Population 1 year and over",
"DP02_0078M","Margin of Error!!RESIDENCE 1 YEAR AGO!!Population 1 year and over",
"DP02_0078PE","Percent Estimate!!RESIDENCE 1 YEAR AGO!!Population 1 year and over",
"DP02_0078PM","Percent Margin of Error!!RESIDENCE 1 YEAR AGO!!Population 1 year and over",
"DP02_0079E","Estimate!!RESIDENCE 1 YEAR AGO!!Population 1 year and over!!Same house",
"DP02_0079M","Margin of Error!!RESIDENCE 1 YEAR AGO!!Population 1 year and over!!Same house",
"DP02_0079PE","Percent Estimate!!RESIDENCE 1 YEAR AGO!!Population 1 year and over!!Same house",
"DP02_0079PM","Percent Margin of Error!!RESIDENCE 1 YEAR AGO!!Population 1 year and over!!Same house",
"DP02_0080E","Estimate!!RESIDENCE 1 YEAR AGO!!Population 1 year and over!!Different house in the U.S.",
"DP02_0080M","Margin of Error!!RESIDENCE 1 YEAR AGO!!Population 1 year and over!!Different house in the U.S.",
"DP02_0080PE","Percent Estimate!!RESIDENCE 1 YEAR AGO!!Population 1 year and over!!Different house in the U.S.",
"DP02_0080PM","Percent Margin of Error!!RESIDENCE 1 YEAR AGO!!Population 1 year and over!!Different house in the U.S.",
"DP02_0081E","Estimate!!RESIDENCE 1 YEAR AGO!!Population 1 year and over!!Different house in the U.S.!!Same county",
"DP02_0081M","Margin of Error!!RESIDENCE 1 YEAR AGO!!Population 1 year and over!!Different house in the U.S.!!Same county",
"DP02_0081PE","Percent Estimate!!RESIDENCE 1 YEAR AGO!!Population 1 year and over!!Different house in the U.S.!!Same county",
"DP02_0081PM","Percent Margin of Error!!RESIDENCE 1 YEAR AGO!!Population 1 year and over!!Different house in the U.S.!!Same county",
"DP02_0082E","Estimate!!RESIDENCE 1 YEAR AGO!!Population 1 year and over!!Different house in the U.S.!!Different county",
"DP02_0082M","Margin of Error!!RESIDENCE 1 YEAR AGO!!Population 1 year and over!!Different house in the U.S.!!Different county",
"DP02_0082PE","Percent Estimate!!RESIDENCE 1 YEAR AGO!!Population 1 year and over!!Different house in the U.S.!!Different county",
"DP02_0082PM","Percent Margin of Error!!RESIDENCE 1 YEAR AGO!!Population 1 year and over!!Different house in the U.S.!!Different county",
"DP02_0083E","Estimate!!RESIDENCE 1 YEAR AGO!!Population 1 year and over!!Different house in the U.S.!!Different county!!Same state",
"DP02_0083M","Margin of Error!!RESIDENCE 1 YEAR AGO!!Population 1 year and over!!Different house in the U.S.!!Different county!!Same state",
"DP02_0083PE","Percent Estimate!!RESIDENCE 1 YEAR AGO!!Population 1 year and over!!Different house in the U.S.!!Different county!!Same state",
"DP02_0083PM","Percent Margin of Error!!RESIDENCE 1 YEAR AGO!!Population 1 year and over!!Different house in the U.S.!!Different county!!Same state",
"DP02_0084E","Estimate!!RESIDENCE 1 YEAR AGO!!Population 1 year and over!!Different house in the U.S.!!Different county!!Different state",
"DP02_0084M","Margin of Error!!RESIDENCE 1 YEAR AGO!!Population 1 year and over!!Different house in the U.S.!!Different county!!Different state",
"DP02_0084PE","Percent Estimate!!RESIDENCE 1 YEAR AGO!!Population 1 year and over!!Different house in the U.S.!!Different county!!Different state",
"DP02_0084PM","Percent Margin of Error!!RESIDENCE 1 YEAR AGO!!Population 1 year and over!!Different house in the U.S.!!Different county!!Different state",
"DP02_0085E","Estimate!!RESIDENCE 1 YEAR AGO!!Population 1 year and over!!Abroad",
"DP02_0085M","Margin of Error!!RESIDENCE 1 YEAR AGO!!Population 1 year and over!!Abroad",
"DP02_0085PE","Percent Estimate!!RESIDENCE 1 YEAR AGO!!Population 1 year and over!!Abroad",
"DP02_0085PM","Percent Margin of Error!!RESIDENCE 1 YEAR AGO!!Population 1 year and over!!Abroad",
"DP02_0086E","Estimate!!PLACE OF BIRTH!!Total population",
"DP02_0086M","Margin of Error!!PLACE OF BIRTH!!Total population",
"DP02_0086PE","Percent Estimate!!PLACE OF BIRTH!!Total population",
"DP02_0086PM","Percent Margin of Error!!PLACE OF BIRTH!!Total population",
"DP02_0087E","Estimate!!PLACE OF BIRTH!!Total population!!Native",
"DP02_0087M","Margin of Error!!PLACE OF BIRTH!!Total population!!Native",
"DP02_0087PE","Percent Estimate!!PLACE OF BIRTH!!Total population!!Native",
"DP02_0087PM","Percent Margin of Error!!PLACE OF BIRTH!!Total population!!Native",
"DP02_0088E","Estimate!!PLACE OF BIRTH!!Total population!!Native!!Born in United States",
"DP02_0088M","Margin of Error!!PLACE OF BIRTH!!Total population!!Native!!Born in United States",
"DP02_0088PE","Percent Estimate!!PLACE OF BIRTH!!Total population!!Native!!Born in United States",
"DP02_0088PM","Percent Margin of Error!!PLACE OF BIRTH!!Total population!!Native!!Born in United States",
"DP02_0089E","Estimate!!PLACE OF BIRTH!!Total population!!Native!!Born in United States!!State of residence",
"DP02_0089M","Margin of Error!!PLACE OF BIRTH!!Total population!!Native!!Born in United States!!State of residence",
"DP02_0089PE","Percent Estimate!!PLACE OF BIRTH!!Total population!!Native!!Born in United States!!State of residence",
"DP02_0089PM","Percent Margin of Error!!PLACE OF BIRTH!!Total population!!Native!!Born in United States!!State of residence",
"DP02_0090E","Estimate!!PLACE OF BIRTH!!Total population!!Native!!Born in United States!!Different state",
"DP02_0090M","Margin of Error!!PLACE OF BIRTH!!Total population!!Native!!Born in United States!!Different state",
"DP02_0090PE","Percent Estimate!!PLACE OF BIRTH!!Total population!!Native!!Born in United States!!Different state",
"DP02_0090PM","Percent Margin of Error!!PLACE OF BIRTH!!Total population!!Native!!Born in United States!!Different state",
"DP02_0091E","Estimate!!PLACE OF BIRTH!!Total population!!Native!!Born in Puerto Rico, U.S. Island areas, or born abroad to American parent(s)",
"DP02_0091M","Margin of Error!!PLACE OF BIRTH!!Total population!!Native!!Born in Puerto Rico, U.S. Island areas, or born abroad to American parent(s)",
"DP02_0091PE","Percent Estimate!!PLACE OF BIRTH!!Total population!!Native!!Born in Puerto Rico, U.S. Island areas, or born abroad to American parent(s)",
"DP02_0091PM","Percent Margin of Error!!PLACE OF BIRTH!!Total population!!Native!!Born in Puerto Rico, U.S. Island areas, or born abroad to American parent(s)",
"DP02_0092E","Estimate!!PLACE OF BIRTH!!Total population!!Foreign born",
"DP02_0092M","Margin of Error!!PLACE OF BIRTH!!Total population!!Foreign born",
"DP02_0092PE","Percent Estimate!!PLACE OF BIRTH!!Total population!!Foreign born",
"DP02_0092PM","Percent Margin of Error!!PLACE OF BIRTH!!Total population!!Foreign born",
"DP02_0093E","Estimate!!U.S. CITIZENSHIP STATUS!!Foreign-born population",
"DP02_0093M","Margin of Error!!U.S. CITIZENSHIP STATUS!!Foreign-born population",
"DP02_0093PE","Percent Estimate!!U.S. CITIZENSHIP STATUS!!Foreign-born population",
"DP02_0093PM","Percent Margin of Error!!U.S. CITIZENSHIP STATUS!!Foreign-born population",
"DP02_0094E","Estimate!!U.S. CITIZENSHIP STATUS!!Foreign-born population!!Naturalized U.S. citizen",
"DP02_0094M","Margin of Error!!U.S. CITIZENSHIP STATUS!!Foreign-born population!!Naturalized U.S. citizen",
"DP02_0094PE","Percent Estimate!!U.S. CITIZENSHIP STATUS!!Foreign-born population!!Naturalized U.S. citizen",
"DP02_0094PM","Percent Margin of Error!!U.S. CITIZENSHIP STATUS!!Foreign-born population!!Naturalized U.S. citizen",
"DP02_0095E","Estimate!!U.S. CITIZENSHIP STATUS!!Foreign-born population!!Not a U.S. citizen",
"DP02_0095M","Margin of Error!!U.S. CITIZENSHIP STATUS!!Foreign-born population!!Not a U.S. citizen",
"DP02_0095PE","Percent Estimate!!U.S. CITIZENSHIP STATUS!!Foreign-born population!!Not a U.S. citizen",
"DP02_0095PM","Percent Margin of Error!!U.S. CITIZENSHIP STATUS!!Foreign-born population!!Not a U.S. citizen",
"DP02_0096E","Estimate!!YEAR OF ENTRY!!Population born outside the United States",
"DP02_0096M","Margin of Error!!YEAR OF ENTRY!!Population born outside the United States",
"DP02_0096PE","Percent Estimate!!YEAR OF ENTRY!!Population born outside the United States",
"DP02_0096PM","Percent Margin of Error!!YEAR OF ENTRY!!Population born outside the United States",
"DP02_0097E","Estimate!!YEAR OF ENTRY!!Population born outside the United States!!Native",
"DP02_0097M","Margin of Error!!YEAR OF ENTRY!!Population born outside the United States!!Native",
"DP02_0097PE","Percent Estimate!!YEAR OF ENTRY!!Population born outside the United States!!Native",
"DP02_0097PM","Percent Margin of Error!!YEAR OF ENTRY!!Population born outside the United States!!Native",
"DP02_0098E","Estimate!!YEAR OF ENTRY!!Population born outside the United States!!Native!!Entered 2010 or later",
"DP02_0098M","Margin of Error!!YEAR OF ENTRY!!Population born outside the United States!!Native!!Entered 2010 or later",
"DP02_0098PE","Percent Estimate!!YEAR OF ENTRY!!Population born outside the United States!!Native!!Entered 2010 or later",
"DP02_0098PM","Percent Margin of Error!!YEAR OF ENTRY!!Population born outside the United States!!Native!!Entered 2010 or later",
"DP02_0099E","Estimate!!YEAR OF ENTRY!!Population born outside the United States!!Native!!Entered before 2010",
"DP02_0099M","Margin of Error!!YEAR OF ENTRY!!Population born outside the United States!!Native!!Entered before 2010",
"DP02_0099PE","Percent Estimate!!YEAR OF ENTRY!!Population born outside the United States!!Native!!Entered before 2010",
"DP02_0099PM","Percent Margin of Error!!YEAR OF ENTRY!!Population born outside the United States!!Native!!Entered before 2010",
"DP02_0100E","Estimate!!YEAR OF ENTRY!!Population born outside the United States!!Foreign born",
"DP02_0100M","Margin of Error!!YEAR OF ENTRY!!Population born outside the United States!!Foreign born",
"DP02_0100PE","Percent Estimate!!YEAR OF ENTRY!!Population born outside the United States!!Foreign born",
"DP02_0100PM","Percent Margin of Error!!YEAR OF ENTRY!!Population born outside the United States!!Foreign born",
"DP02_0101E","Estimate!!YEAR OF ENTRY!!Population born outside the United States!!Foreign born!!Entered 2010 or later",
"DP02_0101M","Margin of Error!!YEAR OF ENTRY!!Population born outside the United States!!Foreign born!!Entered 2010 or later",
"DP02_0101PE","Percent Estimate!!YEAR OF ENTRY!!Population born outside the United States!!Foreign born!!Entered 2010 or later",
"DP02_0101PM","Percent Margin of Error!!YEAR OF ENTRY!!Population born outside the United States!!Foreign born!!Entered 2010 or later",
"DP02_0102E","Estimate!!YEAR OF ENTRY!!Population born outside the United States!!Foreign born!!Entered before 2010",
"DP02_0102M","Margin of Error!!YEAR OF ENTRY!!Population born outside the United States!!Foreign born!!Entered before 2010",
"DP02_0102PE","Percent Estimate!!YEAR OF ENTRY!!Population born outside the United States!!Foreign born!!Entered before 2010",
"DP02_0102PM","Percent Margin of Error!!YEAR OF ENTRY!!Population born outside the United States!!Foreign born!!Entered before 2010",
"DP02_0103E","Estimate!!WORLD REGION OF BIRTH OF FOREIGN BORN!!Foreign-born population, excluding population born at sea",
"DP02_0103M","Margin of Error!!WORLD REGION OF BIRTH OF FOREIGN BORN!!Foreign-born population, excluding population born at sea",
"DP02_0103PE","Percent Estimate!!WORLD REGION OF BIRTH OF FOREIGN BORN!!Foreign-born population, excluding population born at sea",
"DP02_0103PM","Percent Margin of Error!!WORLD REGION OF BIRTH OF FOREIGN BORN!!Foreign-born population, excluding population born at sea",
"DP02_0104E","Estimate!!WORLD REGION OF BIRTH OF FOREIGN BORN!!Foreign-born population, excluding population born at sea!!Europe",
"DP02_0104M","Margin of Error!!WORLD REGION OF BIRTH OF FOREIGN BORN!!Foreign-born population, excluding population born at sea!!Europe",
"DP02_0104PE","Percent Estimate!!WORLD REGION OF BIRTH OF FOREIGN BORN!!Foreign-born population, excluding population born at sea!!Europe",
"DP02_0104PM","Percent Margin of Error!!WORLD REGION OF BIRTH OF FOREIGN BORN!!Foreign-born population, excluding population born at sea!!Europe",
"DP02_0105E","Estimate!!WORLD REGION OF BIRTH OF FOREIGN BORN!!Foreign-born population, excluding population born at sea!!Asia",
"DP02_0105M","Margin of Error!!WORLD REGION OF BIRTH OF FOREIGN BORN!!Foreign-born population, excluding population born at sea!!Asia",
"DP02_0105PE","Percent Estimate!!WORLD REGION OF BIRTH OF FOREIGN BORN!!Foreign-born population, excluding population born at sea!!Asia",
"DP02_0105PM","Percent Margin of Error!!WORLD REGION OF BIRTH OF FOREIGN BORN!!Foreign-born population, excluding population born at sea!!Asia",
"DP02_0106E","Estimate!!WORLD REGION OF BIRTH OF FOREIGN BORN!!Foreign-born population, excluding population born at sea!!Africa",
"DP02_0106M","Margin of Error!!WORLD REGION OF BIRTH OF FOREIGN BORN!!Foreign-born population, excluding population born at sea!!Africa",
"DP02_0106PE","Percent Estimate!!WORLD REGION OF BIRTH OF FOREIGN BORN!!Foreign-born population, excluding population born at sea!!Africa",
"DP02_0106PM","Percent Margin of Error!!WORLD REGION OF BIRTH OF FOREIGN BORN!!Foreign-born population, excluding population born at sea!!Africa",
"DP02_0107E","Estimate!!WORLD REGION OF BIRTH OF FOREIGN BORN!!Foreign-born population, excluding population born at sea!!Oceania",
"DP02_0107M","Margin of Error!!WORLD REGION OF BIRTH OF FOREIGN BORN!!Foreign-born population, excluding population born at sea!!Oceania",
"DP02_0107PE","Percent Estimate!!WORLD REGION OF BIRTH OF FOREIGN BORN!!Foreign-born population, excluding population born at sea!!Oceania",
"DP02_0107PM","Percent Margin of Error!!WORLD REGION OF BIRTH OF FOREIGN BORN!!Foreign-born population, excluding population born at sea!!Oceania",
"DP02_0108E","Estimate!!WORLD REGION OF BIRTH OF FOREIGN BORN!!Foreign-born population, excluding population born at sea!!Latin America",
"DP02_0108M","Margin of Error!!WORLD REGION OF BIRTH OF FOREIGN BORN!!Foreign-born population, excluding population born at sea!!Latin America",
"DP02_0108PE","Percent Estimate!!WORLD REGION OF BIRTH OF FOREIGN BORN!!Foreign-born population, excluding population born at sea!!Latin America",
"DP02_0108PM","Percent Margin of Error!!WORLD REGION OF BIRTH OF FOREIGN BORN!!Foreign-born population, excluding population born at sea!!Latin America",
"DP02_0109E","Estimate!!WORLD REGION OF BIRTH OF FOREIGN BORN!!Foreign-born population, excluding population born at sea!!Northern America",
"DP02_0109M","Margin of Error!!WORLD REGION OF BIRTH OF FOREIGN BORN!!Foreign-born population, excluding population born at sea!!Northern America",
"DP02_0109PE","Percent Estimate!!WORLD REGION OF BIRTH OF FOREIGN BORN!!Foreign-born population, excluding population born at sea!!Northern America",
"DP02_0109PM","Percent Margin of Error!!WORLD REGION OF BIRTH OF FOREIGN BORN!!Foreign-born population, excluding population born at sea!!Northern America",
"DP02_0110E","Estimate!!LANGUAGE SPOKEN AT HOME!!Population 5 years and over",
"DP02_0110M","Margin of Error!!LANGUAGE SPOKEN AT HOME!!Population 5 years and over",
"DP02_0110PE","Percent Estimate!!LANGUAGE SPOKEN AT HOME!!Population 5 years and over",
"DP02_0110PM","Percent Margin of Error!!LANGUAGE SPOKEN AT HOME!!Population 5 years and over",
"DP02_0111E","Estimate!!LANGUAGE SPOKEN AT HOME!!Population 5 years and over!!English only",
"DP02_0111M","Margin of Error!!LANGUAGE SPOKEN AT HOME!!Population 5 years and over!!English only",
"DP02_0111PE","Percent Estimate!!LANGUAGE SPOKEN AT HOME!!Population 5 years and over!!English only",
"DP02_0111PM","Percent Margin of Error!!LANGUAGE SPOKEN AT HOME!!Population 5 years and over!!English only",
"DP02_0112E","Estimate!!LANGUAGE SPOKEN AT HOME!!Population 5 years and over!!Language other than English",
"DP02_0112M","Margin of Error!!LANGUAGE SPOKEN AT HOME!!Population 5 years and over!!Language other than English",
"DP02_0112PE","Percent Estimate!!LANGUAGE SPOKEN AT HOME!!Population 5 years and over!!Language other than English",
"DP02_0112PM","Percent Margin of Error!!LANGUAGE SPOKEN AT HOME!!Population 5 years and over!!Language other than English",
"DP02_0113E","Estimate!!LANGUAGE SPOKEN AT HOME!!Population 5 years and over!!Language other than English!!Speak English less than "very well"",
"DP02_0113M","Margin of Error!!LANGUAGE SPOKEN AT HOME!!Population 5 years and over!!Language other than English!!Speak English less than "very well"",
"DP02_0113PE","Percent Estimate!!LANGUAGE SPOKEN AT HOME!!Population 5 years and over!!Language other than English!!Speak English less than "very well"",
"DP02_0113PM","Percent Margin of Error!!LANGUAGE SPOKEN AT HOME!!Population 5 years and over!!Language other than English!!Speak English less than "very well"",
"DP02_0114E","Estimate!!LANGUAGE SPOKEN AT HOME!!Population 5 years and over!!Spanish",
"DP02_0114M","Margin of Error!!LANGUAGE SPOKEN AT HOME!!Population 5 years and over!!Spanish",
"DP02_0114PE","Percent Estimate!!LANGUAGE SPOKEN AT HOME!!Population 5 years and over!!Spanish",
"DP02_0114PM","Percent Margin of Error!!LANGUAGE SPOKEN AT HOME!!Population 5 years and over!!Spanish",
"DP02_0115E","Estimate!!LANGUAGE SPOKEN AT HOME!!Population 5 years and over!!Spanish!!Speak English less than "very well"",
"DP02_0115M","Margin of Error!!LANGUAGE SPOKEN AT HOME!!Population 5 years and over!!Spanish!!Speak English less than "very well"",
"DP02_0115PE","Percent Estimate!!LANGUAGE SPOKEN AT HOME!!Population 5 years and over!!Spanish!!Speak English less than "very well"",
"DP02_0115PM","Percent Margin of Error!!LANGUAGE SPOKEN AT HOME!!Population 5 years and over!!Spanish!!Speak English less than "very well"",
"DP02_0116E","Estimate!!LANGUAGE SPOKEN AT HOME!!Population 5 years and over!!Other Indo-European languages",
"DP02_0116M","Margin of Error!!LANGUAGE SPOKEN AT HOME!!Population 5 years and over!!Other Indo-European languages",
"DP02_0116PE","Percent Estimate!!LANGUAGE SPOKEN AT HOME!!Population 5 years and over!!Other Indo-European languages",
"DP02_0116PM","Percent Margin of Error!!LANGUAGE SPOKEN AT HOME!!Population 5 years and over!!Other Indo-European languages",
"DP02_0117E","Estimate!!LANGUAGE SPOKEN AT HOME!!Population 5 years and over!!Other Indo-European languages!!Speak English less than "very well"",
"DP02_0117M","Margin of Error!!LANGUAGE SPOKEN AT HOME!!Population 5 years and over!!Other Indo-European languages!!Speak English less than "very well"",
"DP02_0117PE","Percent Estimate!!LANGUAGE SPOKEN AT HOME!!Population 5 years and over!!Other Indo-European languages!!Speak English less than "very well"",
"DP02_0117PM","Percent Margin of Error!!LANGUAGE SPOKEN AT HOME!!Population 5 years and over!!Other Indo-European languages!!Speak English less than "very well"",
"DP02_0118E","Estimate!!LANGUAGE SPOKEN AT HOME!!Population 5 years and over!!Asian and Pacific Islander languages",
"DP02_0118M","Margin of Error!!LANGUAGE SPOKEN AT HOME!!Population 5 years and over!!Asian and Pacific Islander languages",
"DP02_0118PE","Percent Estimate!!LANGUAGE SPOKEN AT HOME!!Population 5 years and over!!Asian and Pacific Islander languages",
"DP02_0118PM","Percent Margin of Error!!LANGUAGE SPOKEN AT HOME!!Population 5 years and over!!Asian and Pacific Islander languages",
"DP02_0119E","Estimate!!LANGUAGE SPOKEN AT HOME!!Population 5 years and over!!Asian and Pacific Islander languages!!Speak English less than "very well"",
"DP02_0119M","Margin of Error!!LANGUAGE SPOKEN AT HOME!!Population 5 years and over!!Asian and Pacific Islander languages!!Speak English less than "very well"",
"DP02_0119PE","Percent Estimate!!LANGUAGE SPOKEN AT HOME!!Population 5 years and over!!Asian and Pacific Islander languages!!Speak English less than "very well"",
"DP02_0119PM","Percent Margin of Error!!LANGUAGE SPOKEN AT HOME!!Population 5 years and over!!Asian and Pacific Islander languages!!Speak English less than "very well"",
"DP02_0120E","Estimate!!LANGUAGE SPOKEN AT HOME!!Population 5 years and over!!Other languages",
"DP02_0120M","Margin of Error!!LANGUAGE SPOKEN AT HOME!!Population 5 years and over!!Other languages",
"DP02_0120PE","Percent Estimate!!LANGUAGE SPOKEN AT HOME!!Population 5 years and over!!Other languages",
"DP02_0120PM","Percent Margin of Error!!LANGUAGE SPOKEN AT HOME!!Population 5 years and over!!Other languages",
"DP02_0121E","Estimate!!LANGUAGE SPOKEN AT HOME!!Population 5 years and over!!Other languages!!Speak English less than "very well"",
"DP02_0121M","Margin of Error!!LANGUAGE SPOKEN AT HOME!!Population 5 years and over!!Other languages!!Speak English less than "very well"",
"DP02_0121PE","Percent Estimate!!LANGUAGE SPOKEN AT HOME!!Population 5 years and over!!Other languages!!Speak English less than "very well"",
"DP02_0121PM","Percent Margin of Error!!LANGUAGE SPOKEN AT HOME!!Population 5 years and over!!Other languages!!Speak English less than "very well"",
"DP02_0122E","Estimate!!ANCESTRY!!Total population",
"DP02_0122M","Margin of Error!!ANCESTRY!!Total population",
"DP02_0122PE","Percent Estimate!!ANCESTRY!!Total population",
"DP02_0122PM","Percent Margin of Error!!ANCESTRY!!Total population",
"DP02_0123E","Estimate!!ANCESTRY!!Total population!!American",
"DP02_0123M","Margin of Error!!ANCESTRY!!Total population!!American",
"DP02_0123PE","Percent Estimate!!ANCESTRY!!Total population!!American",
"DP02_0123PM","Percent Margin of Error!!ANCESTRY!!Total population!!American",
"DP02_0124E","Estimate!!ANCESTRY!!Total population!!Arab",
"DP02_0124M","Margin of Error!!ANCESTRY!!Total population!!Arab",
"DP02_0124PE","Percent Estimate!!ANCESTRY!!Total population!!Arab",
"DP02_0124PM","Percent Margin of Error!!ANCESTRY!!Total population!!Arab",
"DP02_0125E","Estimate!!ANCESTRY!!Total population!!Czech",
"DP02_0125M","Margin of Error!!ANCESTRY!!Total population!!Czech",
"DP02_0125PE","Percent Estimate!!ANCESTRY!!Total population!!Czech",
"DP02_0125PM","Percent Margin of Error!!ANCESTRY!!Total population!!Czech",
"DP02_0126E","Estimate!!ANCESTRY!!Total population!!Danish",
"DP02_0126M","Margin of Error!!ANCESTRY!!Total population!!Danish",
"DP02_0126PE","Percent Estimate!!ANCESTRY!!Total population!!Danish",
"DP02_0126PM","Percent Margin of Error!!ANCESTRY!!Total population!!Danish",
"DP02_0127E","Estimate!!ANCESTRY!!Total population!!Dutch",
"DP02_0127M","Margin of Error!!ANCESTRY!!Total population!!Dutch",
"DP02_0127PE","Percent Estimate!!ANCESTRY!!Total population!!Dutch",
"DP02_0127PM","Percent Margin of Error!!ANCESTRY!!Total population!!Dutch",
"DP02_0128E","Estimate!!ANCESTRY!!Total population!!English",
"DP02_0128M","Margin of Error!!ANCESTRY!!Total population!!English",
"DP02_0128PE","Percent Estimate!!ANCESTRY!!Total population!!English",
"DP02_0128PM","Percent Margin of Error!!ANCESTRY!!Total population!!English",
"DP02_0129E","Estimate!!ANCESTRY!!Total population!!French (except Basque)",
"DP02_0129M","Margin of Error!!ANCESTRY!!Total population!!French (except Basque)",
"DP02_0129PE","Percent Estimate!!ANCESTRY!!Total population!!French (except Basque)",
"DP02_0129PM","Percent Margin of Error!!ANCESTRY!!Total population!!French (except Basque)",
"DP02_0130E","Estimate!!ANCESTRY!!Total population!!French Canadian",
"DP02_0130M","Margin of Error!!ANCESTRY!!Total population!!French Canadian",
"DP02_0130PE","Percent Estimate!!ANCESTRY!!Total population!!French Canadian",
"DP02_0130PM","Percent Margin of Error!!ANCESTRY!!Total population!!French Canadian",
"DP02_0131E","Estimate!!ANCESTRY!!Total population!!German",
"DP02_0131M","Margin of Error!!ANCESTRY!!Total population!!German",
"DP02_0131PE","Percent Estimate!!ANCESTRY!!Total population!!German",
"DP02_0131PM","Percent Margin of Error!!ANCESTRY!!Total population!!German",
"DP02_0132E","Estimate!!ANCESTRY!!Total population!!Greek",
"DP02_0132M","Margin of Error!!ANCESTRY!!Total population!!Greek",
"DP02_0132PE","Percent Estimate!!ANCESTRY!!Total population!!Greek",
"DP02_0132PM","Percent Margin of Error!!ANCESTRY!!Total population!!Greek",
"DP02_0133E","Estimate!!ANCESTRY!!Total population!!Hungarian",
"DP02_0133M","Margin of Error!!ANCESTRY!!Total population!!Hungarian",
"DP02_0133PE","Percent Estimate!!ANCESTRY!!Total population!!Hungarian",
"DP02_0133PM","Percent Margin of Error!!ANCESTRY!!Total population!!Hungarian",
"DP02_0134E","Estimate!!ANCESTRY!!Total population!!Irish",
"DP02_0134M","Margin of Error!!ANCESTRY!!Total population!!Irish",
"DP02_0134PE","Percent Estimate!!ANCESTRY!!Total population!!Irish",
"DP02_0134PM","Percent Margin of Error!!ANCESTRY!!Total population!!Irish",
"DP02_0135E","Estimate!!ANCESTRY!!Total population!!Italian",
"DP02_0135M","Margin of Error!!ANCESTRY!!Total population!!Italian",
"DP02_0135PE","Percent Estimate!!ANCESTRY!!Total population!!Italian",
"DP02_0135PM","Percent Margin of Error!!ANCESTRY!!Total population!!Italian",
"DP02_0136E","Estimate!!ANCESTRY!!Total population!!Lithuanian",
"DP02_0136M","Margin of Error!!ANCESTRY!!Total population!!Lithuanian",
"DP02_0136PE","Percent Estimate!!ANCESTRY!!Total population!!Lithuanian",
"DP02_0136PM","Percent Margin of Error!!ANCESTRY!!Total population!!Lithuanian",
"DP02_0137E","Estimate!!ANCESTRY!!Total population!!Norwegian",
"DP02_0137M","Margin of Error!!ANCESTRY!!Total population!!Norwegian",
"DP02_0137PE","Percent Estimate!!ANCESTRY!!Total population!!Norwegian",
"DP02_0137PM","Percent Margin of Error!!ANCESTRY!!Total population!!Norwegian",
"DP02_0138E","Estimate!!ANCESTRY!!Total population!!Polish",
"DP02_0138M","Margin of Error!!ANCESTRY!!Total population!!Polish",
"DP02_0138PE","Percent Estimate!!ANCESTRY!!Total population!!Polish",
"DP02_0138PM","Percent Margin of Error!!ANCESTRY!!Total population!!Polish",
"DP02_0139E","Estimate!!ANCESTRY!!Total population!!Portuguese",
"DP02_0139M","Margin of Error!!ANCESTRY!!Total population!!Portuguese",
"DP02_0139PE","Percent Estimate!!ANCESTRY!!Total population!!Portuguese",
"DP02_0139PM","Percent Margin of Error!!ANCESTRY!!Total population!!Portuguese",
"DP02_0140E","Estimate!!ANCESTRY!!Total population!!Russian",
"DP02_0140M","Margin of Error!!ANCESTRY!!Total population!!Russian",
"DP02_0140PE","Percent Estimate!!ANCESTRY!!Total population!!Russian",
"DP02_0140PM","Percent Margin of Error!!ANCESTRY!!Total population!!Russian",
"DP02_0141E","Estimate!!ANCESTRY!!Total population!!Scotch-Irish",
"DP02_0141M","Margin of Error!!ANCESTRY!!Total population!!Scotch-Irish",
"DP02_0141PE","Percent Estimate!!ANCESTRY!!Total population!!Scotch-Irish",
"DP02_0141PM","Percent Margin of Error!!ANCESTRY!!Total population!!Scotch-Irish",
"DP02_0142E","Estimate!!ANCESTRY!!Total population!!Scottish",
"DP02_0142M","Margin of Error!!ANCESTRY!!Total population!!Scottish",
"DP02_0142PE","Percent Estimate!!ANCESTRY!!Total population!!Scottish",
"DP02_0142PM","Percent Margin of Error!!ANCESTRY!!Total population!!Scottish",
"DP02_0143E","Estimate!!ANCESTRY!!Total population!!Slovak",
"DP02_0143M","Margin of Error!!ANCESTRY!!Total population!!Slovak",
"DP02_0143PE","Percent Estimate!!ANCESTRY!!Total population!!Slovak",
"DP02_0143PM","Percent Margin of Error!!ANCESTRY!!Total population!!Slovak",
"DP02_0144E","Estimate!!ANCESTRY!!Total population!!Subsaharan African",
"DP02_0144M","Margin of Error!!ANCESTRY!!Total population!!Subsaharan African",
"DP02_0144PE","Percent Estimate!!ANCESTRY!!Total population!!Subsaharan African",
"DP02_0144PM","Percent Margin of Error!!ANCESTRY!!Total population!!Subsaharan African",
"DP02_0145E","Estimate!!ANCESTRY!!Total population!!Swedish",
"DP02_0145M","Margin of Error!!ANCESTRY!!Total population!!Swedish",
"DP02_0145PE","Percent Estimate!!ANCESTRY!!Total population!!Swedish",
"DP02_0145PM","Percent Margin of Error!!ANCESTRY!!Total population!!Swedish",
"DP02_0146E","Estimate!!ANCESTRY!!Total population!!Swiss",
"DP02_0146M","Margin of Error!!ANCESTRY!!Total population!!Swiss",
"DP02_0146PE","Percent Estimate!!ANCESTRY!!Total population!!Swiss",
"DP02_0146PM","Percent Margin of Error!!ANCESTRY!!Total population!!Swiss",
"DP02_0147E","Estimate!!ANCESTRY!!Total population!!Ukrainian",
"DP02_0147M","Margin of Error!!ANCESTRY!!Total population!!Ukrainian",
"DP02_0147PE","Percent Estimate!!ANCESTRY!!Total population!!Ukrainian",
"DP02_0147PM","Percent Margin of Error!!ANCESTRY!!Total population!!Ukrainian",
"DP02_0148E","Estimate!!ANCESTRY!!Total population!!Welsh",
"DP02_0148M","Margin of Error!!ANCESTRY!!Total population!!Welsh",
"DP02_0148PE","Percent Estimate!!ANCESTRY!!Total population!!Welsh",
"DP02_0148PM","Percent Margin of Error!!ANCESTRY!!Total population!!Welsh",
"DP02_0149E","Estimate!!ANCESTRY!!Total population!!West Indian (excluding Hispanic origin groups)",
"DP02_0149M","Margin of Error!!ANCESTRY!!Total population!!West Indian (excluding Hispanic origin groups)",
"DP02_0149PE","Percent Estimate!!ANCESTRY!!Total population!!West Indian (excluding Hispanic origin groups)",
"DP02_0149PM","Percent Margin of Error!!ANCESTRY!!Total population!!West Indian (excluding Hispanic origin groups)",
"DP02_0150E","Estimate!!COMPUTERS AND INTERNET USE!!Total households",
"DP02_0150M","Margin of Error!!COMPUTERS AND INTERNET USE!!Total households",
"DP02_0150PE","Percent Estimate!!COMPUTERS AND INTERNET USE!!Total households",
"DP02_0150PM","Percent Margin of Error!!COMPUTERS AND INTERNET USE!!Total households",
"DP02_0151E","Estimate!!COMPUTERS AND INTERNET USE!!Total households!!With a computer",
"DP02_0151M","Margin of Error!!COMPUTERS AND INTERNET USE!!Total households!!With a computer",
"DP02_0151PE","Percent Estimate!!COMPUTERS AND INTERNET USE!!Total households!!With a computer",
"DP02_0151PM","Percent Margin of Error!!COMPUTERS AND INTERNET USE!!Total households!!With a computer",
"DP02_0152E","Estimate!!COMPUTERS AND INTERNET USE!!Total households!!With a broadband Internet subscription",
"DP02_0152M","Margin of Error!!COMPUTERS AND INTERNET USE!!Total households!!With a broadband Internet subscription",
"DP02_0152PE","Percent Estimate!!COMPUTERS AND INTERNET USE!!Total households!!With a broadband Internet subscription",
"DP02_0152PM","Percent Margin of Error!!COMPUTERS AND INTERNET USE!!Total households!!With a broadband Internet subscription",
